datetime_beginning_utc,datetime_beginning_ept,pnode_id,pnode_name,voltage,equipment,type,zone,system_energy_price_da,total_lmp_da,congestion_price_da,marginal_loss_price_da,row_is_current,version_nbr
8/27/2020 4:00:00 AM,8/27/2020 12:00:00 AM,1,PJM-RTO,,,ZONE,,17.83,18.056048,0.106471,0.119578,True,1
8/27/2020 4:00:00 AM,8/27/2020 12:00:00 AM,3,MID-ATL/APS,,,ZONE,,17.83,18.008419,0.006207,0.172213,True,1
8/27/2020 4:00:00 AM,8/27/2020 12:00:00 AM,51291,AECO,,,ZONE,,17.83,17.813501,0.009188,-0.025687,True,1
8/27/2020 4:00:00 AM,8/27/2020 12:00:00 AM,51292,BGE,,,ZONE,,17.83,18.090111,0.016648,0.243463,True,1
8/27/2020 4:00:00 AM,8/27/2020 12:00:00 AM,51293,DPL,,,ZONE,,17.83,17.906137,-0.009646,0.085783,True,1
8/27/2020 4:00:00 AM,8/27/2020 12:00:00 AM,51295,JCPL,,,ZONE,,17.83,17.754989,-0.010000,-0.065011,True,1
8/27/2020 4:00:00 AM,8/27/2020 12:00:00 AM,51296,METED,,,ZONE,,17.83,17.487667,-0.018811,-0.323522,True,1
8/27/2020 4:00:00 AM,8/27/2020 12:00:00 AM,51297,PECO,,,ZONE,,17.83,17.492453,-0.009455,-0.328092,True,1
8/27/2020 4:00:00 AM,8/27/2020 12:00:00 AM,51298,PEPCO,,,ZONE,,17.83,17.947612,0.010000,0.107612,True,1
8/27/2020 4:00:00 AM,8/27/2020 12:00:00 AM,51299,PPL,,,ZONE,,17.83,17.344010,-0.016677,-0.469313,True,1
8/27/2020 4:00:00 AM,8/27/2020 12:00:00 AM,51300,PENELEC,,,ZONE,,17.83,17.510972,-0.002195,-0.316833,True,1
8/27/2020 4:00:00 AM,8/27/2020 12:00:00 AM,51301,PSEG,,,ZONE,,17.83,17.703492,-0.010000,-0.116508,True,1
8/27/2020 4:00:00 AM,8/27/2020 12:00:00 AM,7633629,RECO,,,ZONE,,17.83,17.705497,-0.010000,-0.114503,True,1
8/27/2020 4:00:00 AM,8/27/2020 12:00:00 AM,8394954,APS,,,ZONE,,17.83,17.557402,0.002490,-0.275088,True,1
8/27/2020 4:00:00 AM,8/27/2020 12:00:00 AM,8445784,AEP,,,ZONE,,17.83,18.314219,0.348152,0.136067,True,1
8/27/2020 4:00:00 AM,8/27/2020 12:00:00 AM,33092371,COMED,,,ZONE,,17.83,17.751983,-0.183906,0.105889,True,1
8/27/2020 4:00:00 AM,8/27/2020 12:00:00 AM,34508503,DAY,,,ZONE,,17.83,18.736927,0.000000,0.906927,True,1
8/27/2020 4:00:00 AM,8/27/2020 12:00:00 AM,34964545,DOM,,,ZONE,,17.83,17.843183,0.009941,0.003242,True,1
8/27/2020 4:00:00 AM,8/27/2020 12:00:00 AM,37737283,DUQ,,,ZONE,,17.83,17.410967,0.000000,-0.419033,True,1
8/27/2020 4:00:00 AM,8/27/2020 12:00:00 AM,116013753,ATSI,,,ZONE,,17.83,17.874600,0.000000,0.044600,True,1
8/27/2020 4:00:00 AM,8/27/2020 12:00:00 AM,124076095,DEOK,,,ZONE,,17.83,18.074930,0.000000,0.244930,True,1
8/27/2020 4:00:00 AM,8/27/2020 12:00:00 AM,970242670,EKPC,,,ZONE,,17.83,17.824252,0.000000,-0.005748,True,1
8/27/2020 4:00:00 AM,8/27/2020 12:00:00 AM,1709725933,OVEC,,,ZONE,,17.83,17.600000,0.000000,-0.230000,True,1
8/27/2020 5:00:00 AM,8/27/2020 1:00:00 AM,1,PJM-RTO,,,ZONE,,16.72,16.955509,0.131022,0.104486,True,1
8/27/2020 5:00:00 AM,8/27/2020 1:00:00 AM,3,MID-ATL/APS,,,ZONE,,16.72,16.903777,0.093626,0.090151,True,1
8/27/2020 5:00:00 AM,8/27/2020 1:00:00 AM,51291,AECO,,,ZONE,,16.72,16.258179,-0.154035,-0.307786,True,1
8/27/2020 5:00:00 AM,8/27/2020 1:00:00 AM,51292,BGE,,,ZONE,,16.72,17.085620,0.239141,0.126479,True,1
8/27/2020 5:00:00 AM,8/27/2020 1:00:00 AM,51293,DPL,,,ZONE,,16.72,16.371834,-0.140285,-0.207881,True,1
8/27/2020 5:00:00 AM,8/27/2020 1:00:00 AM,51295,JCPL,,,ZONE,,16.72,16.216025,-0.169536,-0.334439,True,1
8/27/2020 5:00:00 AM,8/27/2020 1:00:00 AM,51296,METED,,,ZONE,,16.72,15.920352,-0.272080,-0.527568,True,1
8/27/2020 5:00:00 AM,8/27/2020 1:00:00 AM,51297,PECO,,,ZONE,,16.72,16.022993,-0.144236,-0.552771,True,1
8/27/2020 5:00:00 AM,8/27/2020 1:00:00 AM,51298,PEPCO,,,ZONE,,16.72,16.961823,0.152566,0.089257,True,1
8/27/2020 5:00:00 AM,8/27/2020 1:00:00 AM,51299,PPL,,,ZONE,,16.72,15.793823,-0.256826,-0.669351,True,1
8/27/2020 5:00:00 AM,8/27/2020 1:00:00 AM,51300,PENELEC,,,ZONE,,16.72,16.232334,-0.054930,-0.432736,True,1
8/27/2020 5:00:00 AM,8/27/2020 1:00:00 AM,51301,PSEG,,,ZONE,,16.72,16.184954,-0.161861,-0.373185,True,1
8/27/2020 5:00:00 AM,8/27/2020 1:00:00 AM,7633629,RECO,,,ZONE,,16.72,16.221912,-0.150000,-0.348088,True,1
8/27/2020 5:00:00 AM,8/27/2020 1:00:00 AM,8394954,APS,,,ZONE,,16.72,16.516736,0.038958,-0.242222,True,1
8/27/2020 5:00:00 AM,8/27/2020 1:00:00 AM,8445784,AEP,,,ZONE,,16.72,17.309233,0.343871,0.245362,True,1
8/27/2020 5:00:00 AM,8/27/2020 1:00:00 AM,33092371,COMED,,,ZONE,,16.72,16.637757,-0.292107,0.209864,True,1
8/27/2020 5:00:00 AM,8/27/2020 1:00:00 AM,34508503,DAY,,,ZONE,,16.72,17.704764,0.045494,0.939270,True,1
8/27/2020 5:00:00 AM,8/27/2020 1:00:00 AM,34964545,DOM,,,ZONE,,16.72,16.958495,0.096992,0.141503,True,1
8/27/2020 5:00:00 AM,8/27/2020 1:00:00 AM,37737283,DUQ,,,ZONE,,16.72,16.333326,0.020000,-0.406674,True,1
8/27/2020 5:00:00 AM,8/27/2020 1:00:00 AM,116013753,ATSI,,,ZONE,,16.72,16.808121,0.060612,0.027509,True,1
8/27/2020 5:00:00 AM,8/27/2020 1:00:00 AM,124076095,DEOK,,,ZONE,,16.72,17.105151,0.030400,0.354751,True,1
8/27/2020 5:00:00 AM,8/27/2020 1:00:00 AM,970242670,EKPC,,,ZONE,,16.72,16.887203,0.034429,0.132774,True,1
8/27/2020 5:00:00 AM,8/27/2020 1:00:00 AM,1709725933,OVEC,,,ZONE,,16.72,16.680000,0.040000,-0.080000,True,1
8/27/2020 6:00:00 AM,8/27/2020 2:00:00 AM,1,PJM-RTO,,,ZONE,,15.70,15.969675,0.167684,0.101991,True,1
8/27/2020 6:00:00 AM,8/27/2020 2:00:00 AM,3,MID-ATL/APS,,,ZONE,,15.70,15.894554,0.151017,0.043537,True,1
8/27/2020 6:00:00 AM,8/27/2020 2:00:00 AM,51291,AECO,,,ZONE,,15.70,15.049730,-0.275594,-0.374676,True,1
8/27/2020 6:00:00 AM,8/27/2020 2:00:00 AM,51292,BGE,,,ZONE,,15.70,16.158570,0.402499,0.056071,True,1
8/27/2020 6:00:00 AM,8/27/2020 2:00:00 AM,51293,DPL,,,ZONE,,15.70,15.179321,-0.250926,-0.269753,True,1
8/27/2020 6:00:00 AM,8/27/2020 2:00:00 AM,51295,JCPL,,,ZONE,,15.70,15.024631,-0.296305,-0.379064,True,1
8/27/2020 6:00:00 AM,8/27/2020 2:00:00 AM,51296,METED,,,ZONE,,15.70,14.667983,-0.476710,-0.555307,True,1
8/27/2020 6:00:00 AM,8/27/2020 2:00:00 AM,51297,PECO,,,ZONE,,15.70,14.858184,-0.256112,-0.585704,True,1
8/27/2020 6:00:00 AM,8/27/2020 2:00:00 AM,51298,PEPCO,,,ZONE,,15.70,16.002150,0.253217,0.048933,True,1
8/27/2020 6:00:00 AM,8/27/2020 2:00:00 AM,51299,PPL,,,ZONE,,15.70,14.560926,-0.451135,-0.687939,True,1
8/27/2020 6:00:00 AM,8/27/2020 2:00:00 AM,51300,PENELEC,,,ZONE,,15.70,15.256766,-0.097757,-0.345477,True,1
8/27/2020 6:00:00 AM,8/27/2020 2:00:00 AM,51301,PSEG,,,ZONE,,15.70,15.017841,-0.287652,-0.394507,True,1
8/27/2020 6:00:00 AM,8/27/2020 2:00:00 AM,7633629,RECO,,,ZONE,,15.70,15.088945,-0.260000,-0.351055,True,1
8/27/2020 6:00:00 AM,8/27/2020 2:00:00 AM,8394954,APS,,,ZONE,,15.70,15.582775,0.057249,-0.174474,True,1
8/27/2020 6:00:00 AM,8/27/2020 2:00:00 AM,8445784,AEP,,,ZONE,,15.70,16.285979,0.301796,0.284183,True,1
8/27/2020 6:00:00 AM,8/27/2020 2:00:00 AM,33092371,COMED,,,ZONE,,15.70,15.706347,-0.184447,0.190794,True,1
8/27/2020 6:00:00 AM,8/27/2020 2:00:00 AM,34508503,DAY,,,ZONE,,15.70,16.662559,0.060000,0.902559,True,1
8/27/2020 6:00:00 AM,8/27/2020 2:00:00 AM,34964545,DOM,,,ZONE,,15.70,15.985575,0.162568,0.123007,True,1
8/27/2020 6:00:00 AM,8/27/2020 2:00:00 AM,37737283,DUQ,,,ZONE,,15.70,15.474145,0.084037,-0.309892,True,1
8/27/2020 6:00:00 AM,8/27/2020 2:00:00 AM,116013753,ATSI,,,ZONE,,15.70,15.802914,0.029910,0.073004,True,1
8/27/2020 6:00:00 AM,8/27/2020 2:00:00 AM,124076095,DEOK,,,ZONE,,15.70,16.143774,0.060040,0.383734,True,1
8/27/2020 6:00:00 AM,8/27/2020 2:00:00 AM,970242670,EKPC,,,ZONE,,15.70,15.932750,0.068527,0.164223,True,1
8/27/2020 6:00:00 AM,8/27/2020 2:00:00 AM,1709725933,OVEC,,,ZONE,,15.70,15.780000,0.070000,0.010000,True,1
8/27/2020 7:00:00 AM,8/27/2020 3:00:00 AM,1,PJM-RTO,,,ZONE,,14.85,15.105434,0.158273,0.097161,True,1
8/27/2020 7:00:00 AM,8/27/2020 3:00:00 AM,3,MID-ATL/APS,,,ZONE,,14.85,15.026181,0.176158,0.000023,True,1
8/27/2020 7:00:00 AM,8/27/2020 3:00:00 AM,51291,AECO,,,ZONE,,14.85,14.169746,-0.290569,-0.389685,True,1
8/27/2020 7:00:00 AM,8/27/2020 3:00:00 AM,51292,BGE,,,ZONE,,14.85,15.316328,0.453277,0.013051,True,1
8/27/2020 7:00:00 AM,8/27/2020 3:00:00 AM,51293,DPL,,,ZONE,,14.85,14.268622,-0.268668,-0.312710,True,1
8/27/2020 7:00:00 AM,8/27/2020 3:00:00 AM,51295,JCPL,,,ZONE,,14.85,14.162503,-0.319830,-0.367667,True,1
8/27/2020 7:00:00 AM,8/27/2020 3:00:00 AM,51296,METED,,,ZONE,,14.85,13.795445,-0.518973,-0.535582,True,1
8/27/2020 7:00:00 AM,8/27/2020 3:00:00 AM,51297,PECO,,,ZONE,,14.85,13.998307,-0.274417,-0.577276,True,1
8/27/2020 7:00:00 AM,8/27/2020 3:00:00 AM,51298,PEPCO,,,ZONE,,14.85,15.150343,0.289253,0.011090,True,1
8/27/2020 7:00:00 AM,8/27/2020 3:00:00 AM,51299,PPL,,,ZONE,,14.85,13.705779,-0.490771,-0.653450,True,1
8/27/2020 7:00:00 AM,8/27/2020 3:00:00 AM,51300,PENELEC,,,ZONE,,14.85,14.485769,-0.102909,-0.261322,True,1
8/27/2020 7:00:00 AM,8/27/2020 3:00:00 AM,51301,PSEG,,,ZONE,,14.85,14.161002,-0.309801,-0.379197,True,1
8/27/2020 7:00:00 AM,8/27/2020 3:00:00 AM,7633629,RECO,,,ZONE,,14.85,14.241536,-0.280000,-0.328464,True,1
8/27/2020 7:00:00 AM,8/27/2020 3:00:00 AM,8394954,APS,,,ZONE,,14.85,14.788308,0.072309,-0.134001,True,1
8/27/2020 7:00:00 AM,8/27/2020 3:00:00 AM,8445784,AEP,,,ZONE,,14.85,15.456987,0.309274,0.297713,True,1
8/27/2020 7:00:00 AM,8/27/2020 3:00:00 AM,33092371,COMED,,,ZONE,,14.85,14.804566,-0.240622,0.195188,True,1
8/27/2020 7:00:00 AM,8/27/2020 3:00:00 AM,34508503,DAY,,,ZONE,,14.85,15.804380,0.065143,0.889237,True,1
8/27/2020 7:00:00 AM,8/27/2020 3:00:00 AM,34964545,DOM,,,ZONE,,14.85,15.124095,0.184371,0.089724,True,1
8/27/2020 7:00:00 AM,8/27/2020 3:00:00 AM,37737283,DUQ,,,ZONE,,14.85,14.638646,0.030000,-0.241354,True,1
8/27/2020 7:00:00 AM,8/27/2020 3:00:00 AM,116013753,ATSI,,,ZONE,,14.85,14.989438,0.026694,0.112744,True,1
8/27/2020 7:00:00 AM,8/27/2020 3:00:00 AM,124076095,DEOK,,,ZONE,,14.85,15.350777,0.069873,0.430904,True,1
8/27/2020 7:00:00 AM,8/27/2020 3:00:00 AM,970242670,EKPC,,,ZONE,,14.85,15.124985,0.072747,0.202238,True,1
8/27/2020 7:00:00 AM,8/27/2020 3:00:00 AM,1709725933,OVEC,,,ZONE,,14.85,14.980000,0.070000,0.060000,True,1
8/27/2020 8:00:00 AM,8/27/2020 4:00:00 AM,1,PJM-RTO,,,ZONE,,14.85,15.127735,0.180594,0.097142,True,1
8/27/2020 8:00:00 AM,8/27/2020 4:00:00 AM,3,MID-ATL/APS,,,ZONE,,14.85,15.009702,0.179938,-0.020236,True,1
8/27/2020 8:00:00 AM,8/27/2020 4:00:00 AM,51291,AECO,,,ZONE,,14.85,13.961976,-0.444055,-0.443969,True,1
8/27/2020 8:00:00 AM,8/27/2020 4:00:00 AM,51292,BGE,,,ZONE,,14.85,15.341697,0.527803,-0.036106,True,1
8/27/2020 8:00:00 AM,8/27/2020 4:00:00 AM,51293,DPL,,,ZONE,,14.85,14.087885,-0.406593,-0.355522,True,1
8/27/2020 8:00:00 AM,8/27/2020 4:00:00 AM,51295,JCPL,,,ZONE,,14.85,13.963184,-0.475830,-0.410986,True,1
8/27/2020 8:00:00 AM,8/27/2020 4:00:00 AM,51296,METED,,,ZONE,,14.85,13.535357,-0.730245,-0.584398,True,1
8/27/2020 8:00:00 AM,8/27/2020 4:00:00 AM,51297,PECO,,,ZONE,,14.85,13.807466,-0.416849,-0.625685,True,1
8/27/2020 8:00:00 AM,8/27/2020 4:00:00 AM,51298,PEPCO,,,ZONE,,14.85,15.173233,0.329565,-0.006332,True,1
8/27/2020 8:00:00 AM,8/27/2020 4:00:00 AM,51299,PPL,,,ZONE,,14.85,13.445114,-0.694814,-0.710072,True,1
8/27/2020 8:00:00 AM,8/27/2020 4:00:00 AM,51300,PENELEC,,,ZONE,,14.85,14.381060,-0.187443,-0.281497,True,1
8/27/2020 8:00:00 AM,8/27/2020 4:00:00 AM,51301,PSEG,,,ZONE,,14.85,13.960322,-0.460566,-0.429112,True,1
8/27/2020 8:00:00 AM,8/27/2020 4:00:00 AM,7633629,RECO,,,ZONE,,14.85,14.040635,-0.420000,-0.389365,True,1
8/27/2020 8:00:00 AM,8/27/2020 4:00:00 AM,8394954,APS,,,ZONE,,14.85,14.765236,0.048938,-0.133702,True,1
8/27/2020 8:00:00 AM,8/27/2020 4:00:00 AM,8445784,AEP,,,ZONE,,14.85,15.568893,0.395762,0.323131,True,1
8/27/2020 8:00:00 AM,8/27/2020 4:00:00 AM,33092371,COMED,,,ZONE,,14.85,14.769495,-0.278088,0.197583,True,1
8/27/2020 8:00:00 AM,8/27/2020 4:00:00 AM,34508503,DAY,,,ZONE,,14.85,15.898001,0.115181,0.932820,True,1
8/27/2020 8:00:00 AM,8/27/2020 4:00:00 AM,34964545,DOM,,,ZONE,,14.85,15.169555,0.216711,0.102844,True,1
8/27/2020 8:00:00 AM,8/27/2020 4:00:00 AM,37737283,DUQ,,,ZONE,,14.85,14.893782,0.271064,-0.227282,True,1
8/27/2020 8:00:00 AM,8/27/2020 4:00:00 AM,116013753,ATSI,,,ZONE,,14.85,15.104298,0.119333,0.134965,True,1
8/27/2020 8:00:00 AM,8/27/2020 4:00:00 AM,124076095,DEOK,,,ZONE,,14.85,15.453856,0.120000,0.483856,True,1
8/27/2020 8:00:00 AM,8/27/2020 4:00:00 AM,970242670,EKPC,,,ZONE,,14.85,15.208913,0.120818,0.238095,True,1
8/27/2020 8:00:00 AM,8/27/2020 4:00:00 AM,1709725933,OVEC,,,ZONE,,14.85,15.060000,0.120000,0.090000,True,1
8/27/2020 9:00:00 AM,8/27/2020 5:00:00 AM,1,PJM-RTO,,,ZONE,,15.95,16.214006,0.153437,0.110569,True,1
8/27/2020 9:00:00 AM,8/27/2020 5:00:00 AM,3,MID-ATL/APS,,,ZONE,,15.95,16.101420,0.151796,-0.000377,True,1
8/27/2020 9:00:00 AM,8/27/2020 5:00:00 AM,51291,AECO,,,ZONE,,15.95,15.198308,-0.282126,-0.469566,True,1
8/27/2020 9:00:00 AM,8/27/2020 5:00:00 AM,51292,BGE,,,ZONE,,15.95,16.339867,0.420271,-0.030404,True,1
8/27/2020 9:00:00 AM,8/27/2020 5:00:00 AM,51293,DPL,,,ZONE,,15.95,15.340447,-0.259749,-0.349804,True,1
8/27/2020 9:00:00 AM,8/27/2020 5:00:00 AM,51295,JCPL,,,ZONE,,15.95,15.164625,-0.306305,-0.479070,True,1
8/27/2020 9:00:00 AM,8/27/2020 5:00:00 AM,51296,METED,,,ZONE,,15.95,14.815750,-0.495088,-0.639162,True,1
8/27/2020 9:00:00 AM,8/27/2020 5:00:00 AM,51297,PECO,,,ZONE,,15.95,15.008409,-0.263991,-0.677600,True,1
8/27/2020 9:00:00 AM,8/27/2020 5:00:00 AM,51298,PEPCO,,,ZONE,,15.95,16.238408,0.266681,0.021727,True,1
8/27/2020 9:00:00 AM,8/27/2020 5:00:00 AM,51299,PPL,,,ZONE,,15.95,14.688026,-0.467546,-0.794428,True,1
8/27/2020 9:00:00 AM,8/27/2020 5:00:00 AM,51300,PENELEC,,,ZONE,,15.95,15.554457,-0.100937,-0.294606,True,1
8/27/2020 9:00:00 AM,8/27/2020 5:00:00 AM,51301,PSEG,,,ZONE,,15.95,15.163125,-0.297449,-0.489426,True,1
8/27/2020 9:00:00 AM,8/27/2020 5:00:00 AM,7633629,RECO,,,ZONE,,15.95,15.236416,-0.270000,-0.443584,True,1
8/27/2020 9:00:00 AM,8/27/2020 5:00:00 AM,8394954,APS,,,ZONE,,15.95,15.881063,0.061417,-0.130354,True,1
8/27/2020 9:00:00 AM,8/27/2020 5:00:00 AM,8445784,AEP,,,ZONE,,15.95,16.701384,0.393875,0.357509,True,1
8/27/2020 9:00:00 AM,8/27/2020 5:00:00 AM,33092371,COMED,,,ZONE,,15.95,15.727267,-0.417124,0.194391,True,1
8/27/2020 9:00:00 AM,8/27/2020 5:00:00 AM,34508503,DAY,,,ZONE,,15.95,17.043503,0.062880,1.030623,True,1
8/27/2020 9:00:00 AM,8/27/2020 5:00:00 AM,34964545,DOM,,,ZONE,,15.95,16.261083,0.170531,0.140552,True,1
8/27/2020 9:00:00 AM,8/27/2020 5:00:00 AM,37737283,DUQ,,,ZONE,,15.95,15.772310,0.073637,-0.251327,True,1
8/27/2020 9:00:00 AM,8/27/2020 5:00:00 AM,116013753,ATSI,,,ZONE,,15.95,16.174132,0.066828,0.157304,True,1
8/27/2020 9:00:00 AM,8/27/2020 5:00:00 AM,124076095,DEOK,,,ZONE,,15.95,16.538874,0.068389,0.520485,True,1
8/27/2020 9:00:00 AM,8/27/2020 5:00:00 AM,970242670,EKPC,,,ZONE,,15.95,16.273330,0.064848,0.258482,True,1
8/27/2020 9:00:00 AM,8/27/2020 5:00:00 AM,1709725933,OVEC,,,ZONE,,15.95,16.120000,0.070000,0.100000,True,1
8/27/2020 10:00:00 AM,8/27/2020 6:00:00 AM,1,PJM-RTO,,,ZONE,,17.02,17.336547,0.193741,0.122806,True,1
8/27/2020 10:00:00 AM,8/27/2020 6:00:00 AM,3,MID-ATL/APS,,,ZONE,,17.02,17.146371,0.052704,0.073668,True,1
8/27/2020 10:00:00 AM,8/27/2020 6:00:00 AM,51291,AECO,,,ZONE,,17.02,16.440902,-0.083802,-0.495296,True,1
8/27/2020 10:00:00 AM,8/27/2020 6:00:00 AM,51292,BGE,,,ZONE,,17.02,17.230035,0.146132,0.063903,True,1
8/27/2020 10:00:00 AM,8/27/2020 6:00:00 AM,51293,DPL,,,ZONE,,17.02,16.537488,-0.102521,-0.379991,True,1
8/27/2020 10:00:00 AM,8/27/2020 6:00:00 AM,51295,JCPL,,,ZONE,,17.02,16.370406,-0.120625,-0.528969,True,1
8/27/2020 10:00:00 AM,8/27/2020 6:00:00 AM,51296,METED,,,ZONE,,17.02,16.175052,-0.188667,-0.656281,True,1
8/27/2020 10:00:00 AM,8/27/2020 6:00:00 AM,51297,PECO,,,ZONE,,17.02,16.191601,-0.104696,-0.723703,True,1
8/27/2020 10:00:00 AM,8/27/2020 6:00:00 AM,51298,PEPCO,,,ZONE,,17.02,17.211447,0.091185,0.100262,True,1
8/27/2020 10:00:00 AM,8/27/2020 6:00:00 AM,51299,PPL,,,ZONE,,17.02,16.009481,-0.179042,-0.831477,True,1
8/27/2020 10:00:00 AM,8/27/2020 6:00:00 AM,51300,PENELEC,,,ZONE,,17.02,16.589526,-0.042171,-0.388303,True,1
8/27/2020 10:00:00 AM,8/27/2020 6:00:00 AM,51301,PSEG,,,ZONE,,17.02,16.342287,-0.118129,-0.559584,True,1
8/27/2020 10:00:00 AM,8/27/2020 6:00:00 AM,7633629,RECO,,,ZONE,,17.02,16.401912,-0.110000,-0.508088,True,1
8/27/2020 10:00:00 AM,8/27/2020 6:00:00 AM,8394954,APS,,,ZONE,,17.02,16.864485,0.014765,-0.170280,True,1
8/27/2020 10:00:00 AM,8/27/2020 6:00:00 AM,8445784,AEP,,,ZONE,,17.02,17.852044,0.468382,0.363662,True,1
8/27/2020 10:00:00 AM,8/27/2020 6:00:00 AM,33092371,COMED,,,ZONE,,17.02,16.858702,-0.351377,0.190079,True,1
8/27/2020 10:00:00 AM,8/27/2020 6:00:00 AM,34508503,DAY,,,ZONE,,17.02,18.123582,0.030000,1.073582,True,1
8/27/2020 10:00:00 AM,8/27/2020 6:00:00 AM,34964545,DOM,,,ZONE,,17.02,17.272493,0.059571,0.192922,True,1
8/27/2020 10:00:00 AM,8/27/2020 6:00:00 AM,37737283,DUQ,,,ZONE,,17.02,16.808654,0.080008,-0.291354,True,1
8/27/2020 10:00:00 AM,8/27/2020 6:00:00 AM,116013753,ATSI,,,ZONE,,17.02,17.210769,0.023129,0.167640,True,1
8/27/2020 10:00:00 AM,8/27/2020 6:00:00 AM,124076095,DEOK,,,ZONE,,17.02,17.522626,0.030000,0.472626,True,1
8/27/2020 10:00:00 AM,8/27/2020 6:00:00 AM,970242670,EKPC,,,ZONE,,17.02,17.276323,0.030000,0.226323,True,1
8/27/2020 10:00:00 AM,8/27/2020 6:00:00 AM,1709725933,OVEC,,,ZONE,,17.02,17.100000,0.030000,0.050000,True,1
8/27/2020 11:00:00 AM,8/27/2020 7:00:00 AM,1,PJM-RTO,,,ZONE,,18.34,18.667169,0.215206,0.111963,True,1
8/27/2020 11:00:00 AM,8/27/2020 7:00:00 AM,3,MID-ATL/APS,,,ZONE,,18.34,18.709568,0.218273,0.151296,True,1
8/27/2020 11:00:00 AM,8/27/2020 7:00:00 AM,51291,AECO,,,ZONE,,18.34,17.539521,-0.486699,-0.313780,True,1
8/27/2020 11:00:00 AM,8/27/2020 7:00:00 AM,51292,BGE,,,ZONE,,18.34,19.044478,0.531500,0.172978,True,1
8/27/2020 11:00:00 AM,8/27/2020 7:00:00 AM,51293,DPL,,,ZONE,,18.34,17.606318,-0.519243,-0.214439,True,1
8/27/2020 11:00:00 AM,8/27/2020 7:00:00 AM,51295,JCPL,,,ZONE,,18.34,17.541411,-0.458118,-0.340471,True,1
8/27/2020 11:00:00 AM,8/27/2020 7:00:00 AM,51296,METED,,,ZONE,,18.34,17.538970,-0.325136,-0.475894,True,1
8/27/2020 11:00:00 AM,8/27/2020 7:00:00 AM,51297,PECO,,,ZONE,,18.34,17.292043,-0.478777,-0.569180,True,1
8/27/2020 11:00:00 AM,8/27/2020 7:00:00 AM,51298,PEPCO,,,ZONE,,18.34,18.853398,0.369693,0.143705,True,1
8/27/2020 11:00:00 AM,8/27/2020 7:00:00 AM,51299,PPL,,,ZONE,,18.34,17.213444,-0.436233,-0.690323,True,1
8/27/2020 11:00:00 AM,8/27/2020 7:00:00 AM,51300,PENELEC,,,ZONE,,18.34,18.064754,-0.103444,-0.171802,True,1
8/27/2020 11:00:00 AM,8/27/2020 7:00:00 AM,51301,PSEG,,,ZONE,,18.34,17.506966,-0.451794,-0.381240,True,1
8/27/2020 11:00:00 AM,8/27/2020 7:00:00 AM,7633629,RECO,,,ZONE,,18.34,17.592684,-0.393362,-0.353954,True,1
8/27/2020 11:00:00 AM,8/27/2020 7:00:00 AM,8394954,APS,,,ZONE,,18.34,18.216676,0.084522,-0.207846,True,1
8/27/2020 11:00:00 AM,8/27/2020 7:00:00 AM,8445784,AEP,,,ZONE,,18.34,19.144863,0.556293,0.248570,True,1
8/27/2020 11:00:00 AM,8/27/2020 7:00:00 AM,33092371,COMED,,,ZONE,,18.34,18.405006,-0.127228,0.192234,True,1
8/27/2020 11:00:00 AM,8/27/2020 7:00:00 AM,34508503,DAY,,,ZONE,,18.34,19.485625,0.088165,1.057460,True,1
8/27/2020 11:00:00 AM,8/27/2020 7:00:00 AM,34964545,DOM,,,ZONE,,18.34,18.656354,0.252183,0.064171,True,1
8/27/2020 11:00:00 AM,8/27/2020 7:00:00 AM,37737283,DUQ,,,ZONE,,18.34,18.094868,0.131602,-0.376734,True,1
8/27/2020 11:00:00 AM,8/27/2020 7:00:00 AM,116013753,ATSI,,,ZONE,,18.34,18.480821,0.051296,0.089525,True,1
8/27/2020 11:00:00 AM,8/27/2020 7:00:00 AM,124076095,DEOK,,,ZONE,,18.34,18.796720,0.090040,0.366680,True,1
8/27/2020 11:00:00 AM,8/27/2020 7:00:00 AM,970242670,EKPC,,,ZONE,,18.34,18.528943,0.100492,0.088451,True,1
8/27/2020 11:00:00 AM,8/27/2020 7:00:00 AM,1709725933,OVEC,,,ZONE,,18.34,18.320000,0.100000,-0.120000,True,1
8/27/2020 12:00:00 PM,8/27/2020 8:00:00 AM,1,PJM-RTO,,,ZONE,,19.11,19.435853,0.217069,0.108784,True,1
8/27/2020 12:00:00 PM,8/27/2020 8:00:00 AM,3,MID-ATL/APS,,,ZONE,,19.11,19.527309,0.364058,0.053250,True,1
8/27/2020 12:00:00 PM,8/27/2020 8:00:00 AM,51291,AECO,,,ZONE,,19.11,18.288311,-0.365263,-0.456426,True,1
8/27/2020 12:00:00 PM,8/27/2020 8:00:00 AM,51292,BGE,,,ZONE,,19.11,20.139117,0.910163,0.118954,True,1
8/27/2020 12:00:00 PM,8/27/2020 8:00:00 AM,51293,DPL,,,ZONE,,19.11,18.326869,-0.400980,-0.382151,True,1
8/27/2020 12:00:00 PM,8/27/2020 8:00:00 AM,51295,JCPL,,,ZONE,,19.11,18.267384,-0.359097,-0.483519,True,1
8/27/2020 12:00:00 PM,8/27/2020 8:00:00 AM,51296,METED,,,ZONE,,19.11,18.691836,0.152760,-0.570924,True,1
8/27/2020 12:00:00 PM,8/27/2020 8:00:00 AM,51297,PECO,,,ZONE,,19.11,17.968692,-0.405032,-0.736276,True,1
8/27/2020 12:00:00 PM,8/27/2020 8:00:00 AM,51298,PEPCO,,,ZONE,,19.11,19.572449,0.386295,0.076154,True,1
8/27/2020 12:00:00 PM,8/27/2020 8:00:00 AM,51299,PPL,,,ZONE,,19.11,17.893537,-0.401810,-0.814653,True,1
8/27/2020 12:00:00 PM,8/27/2020 8:00:00 AM,51300,PENELEC,,,ZONE,,19.11,18.912966,0.035849,-0.232883,True,1
8/27/2020 12:00:00 PM,8/27/2020 8:00:00 AM,51301,PSEG,,,ZONE,,19.11,18.237519,-0.353189,-0.519292,True,1
8/27/2020 12:00:00 PM,8/27/2020 8:00:00 AM,7633629,RECO,,,ZONE,,19.11,18.317890,-0.320000,-0.472110,True,1
8/27/2020 12:00:00 PM,8/27/2020 8:00:00 AM,8394954,APS,,,ZONE,,19.11,18.920482,0.052769,-0.242287,True,1
8/27/2020 12:00:00 PM,8/27/2020 8:00:00 AM,8445784,AEP,,,ZONE,,19.11,19.798799,0.372869,0.315930,True,1
8/27/2020 12:00:00 PM,8/27/2020 8:00:00 AM,33092371,COMED,,,ZONE,,19.11,19.526330,0.040000,0.376330,True,1
8/27/2020 12:00:00 PM,8/27/2020 8:00:00 AM,34508503,DAY,,,ZONE,,19.11,20.411142,0.040035,1.261107,True,1
8/27/2020 12:00:00 PM,8/27/2020 8:00:00 AM,34964545,DOM,,,ZONE,,19.11,19.347098,0.228216,0.008882,True,1
8/27/2020 12:00:00 PM,8/27/2020 8:00:00 AM,37737283,DUQ,,,ZONE,,19.11,18.737835,0.000000,-0.372165,True,1
8/27/2020 12:00:00 PM,8/27/2020 8:00:00 AM,116013753,ATSI,,,ZONE,,19.11,19.278095,-0.000189,0.168284,True,1
8/27/2020 12:00:00 PM,8/27/2020 8:00:00 AM,124076095,DEOK,,,ZONE,,19.11,19.631783,0.049869,0.471914,True,1
8/27/2020 12:00:00 PM,8/27/2020 8:00:00 AM,970242670,EKPC,,,ZONE,,19.11,19.322339,0.053615,0.158724,True,1
8/27/2020 12:00:00 PM,8/27/2020 8:00:00 AM,1709725933,OVEC,,,ZONE,,19.11,19.060000,0.050000,-0.100000,True,1
8/27/2020 1:00:00 PM,8/27/2020 9:00:00 AM,1,PJM-RTO,,,ZONE,,21.96,23.373337,1.292408,0.120929,True,1
8/27/2020 1:00:00 PM,8/27/2020 9:00:00 AM,3,MID-ATL/APS,,,ZONE,,21.96,23.892965,2.005301,-0.072336,True,1
8/27/2020 1:00:00 PM,8/27/2020 9:00:00 AM,51291,AECO,,,ZONE,,21.96,18.905402,-2.364254,-0.690344,True,1
8/27/2020 1:00:00 PM,8/27/2020 9:00:00 AM,51292,BGE,,,ZONE,,21.96,25.595398,3.569918,0.065480,True,1
8/27/2020 1:00:00 PM,8/27/2020 9:00:00 AM,51293,DPL,,,ZONE,,21.96,18.838080,-2.539320,-0.582600,True,1
8/27/2020 1:00:00 PM,8/27/2020 9:00:00 AM,51295,JCPL,,,ZONE,,21.96,19.134874,-2.141469,-0.683657,True,1
8/27/2020 1:00:00 PM,8/27/2020 9:00:00 AM,51296,METED,,,ZONE,,21.96,26.725313,5.502796,-0.737483,True,1
8/27/2020 1:00:00 PM,8/27/2020 9:00:00 AM,51297,PECO,,,ZONE,,21.96,18.583904,-2.372389,-1.003707,True,1
8/27/2020 1:00:00 PM,8/27/2020 9:00:00 AM,51298,PEPCO,,,ZONE,,21.96,23.937437,1.991488,-0.014051,True,1
8/27/2020 1:00:00 PM,8/27/2020 9:00:00 AM,51299,PPL,,,ZONE,,21.96,18.986714,-1.931907,-1.041379,True,1
8/27/2020 1:00:00 PM,8/27/2020 9:00:00 AM,51300,PENELEC,,,ZONE,,21.96,23.028556,1.657677,-0.589121,True,1
8/27/2020 1:00:00 PM,8/27/2020 9:00:00 AM,51301,PSEG,,,ZONE,,21.96,19.095014,-2.114434,-0.750552,True,1
8/27/2020 1:00:00 PM,8/27/2020 9:00:00 AM,7633629,RECO,,,ZONE,,21.96,19.417304,-1.850000,-0.692696,True,1
8/27/2020 1:00:00 PM,8/27/2020 9:00:00 AM,8394954,APS,,,ZONE,,21.96,21.955128,0.417396,-0.422268,True,1
8/27/2020 1:00:00 PM,8/27/2020 9:00:00 AM,8445784,AEP,,,ZONE,,21.96,23.273213,0.905060,0.408153,True,1
8/27/2020 1:00:00 PM,8/27/2020 9:00:00 AM,33092371,COMED,,,ZONE,,21.96,23.028418,0.321127,0.747291,True,1
8/27/2020 1:00:00 PM,8/27/2020 9:00:00 AM,34508503,DAY,,,ZONE,,21.96,24.033618,0.335063,1.738555,True,1
8/27/2020 1:00:00 PM,8/27/2020 9:00:00 AM,34964545,DOM,,,ZONE,,21.96,23.705970,1.866745,-0.120775,True,1
8/27/2020 1:00:00 PM,8/27/2020 9:00:00 AM,37737283,DUQ,,,ZONE,,21.96,21.601834,0.109459,-0.467625,True,1
8/27/2020 1:00:00 PM,8/27/2020 9:00:00 AM,116013753,ATSI,,,ZONE,,21.96,22.271161,0.098944,0.212217,True,1
8/27/2020 1:00:00 PM,8/27/2020 9:00:00 AM,124076095,DEOK,,,ZONE,,21.96,23.040212,0.361820,0.718392,True,1
8/27/2020 1:00:00 PM,8/27/2020 9:00:00 AM,970242670,EKPC,,,ZONE,,21.96,22.662056,0.404557,0.297499,True,1
8/27/2020 1:00:00 PM,8/27/2020 9:00:00 AM,1709725933,OVEC,,,ZONE,,21.96,22.200000,0.380000,-0.140000,True,1
8/27/2020 2:00:00 PM,8/27/2020 10:00:00 AM,1,PJM-RTO,,,ZONE,,26.06,27.595359,1.479259,0.056100,True,1
8/27/2020 2:00:00 PM,8/27/2020 10:00:00 AM,3,MID-ATL/APS,,,ZONE,,26.06,27.533991,1.641601,-0.167610,True,1
8/27/2020 2:00:00 PM,8/27/2020 10:00:00 AM,51291,AECO,,,ZONE,,26.06,22.506288,-2.657512,-0.896200,True,1
8/27/2020 2:00:00 PM,8/27/2020 10:00:00 AM,51292,BGE,,,ZONE,,26.06,31.657486,5.504235,0.093251,True,1
8/27/2020 2:00:00 PM,8/27/2020 10:00:00 AM,51293,DPL,,,ZONE,,26.06,22.739939,-2.587387,-0.732674,True,1
8/27/2020 2:00:00 PM,8/27/2020 10:00:00 AM,51295,JCPL,,,ZONE,,26.06,22.749866,-2.386294,-0.923840,True,1
8/27/2020 2:00:00 PM,8/27/2020 10:00:00 AM,51296,METED,,,ZONE,,26.06,37.557726,12.479256,-0.981530,True,1
8/27/2020 2:00:00 PM,8/27/2020 10:00:00 AM,51297,PECO,,,ZONE,,26.06,22.603226,-2.185566,-1.271208,True,1
8/27/2020 2:00:00 PM,8/27/2020 10:00:00 AM,51298,PEPCO,,,ZONE,,26.06,28.215938,2.266062,-0.110124,True,1
8/27/2020 2:00:00 PM,8/27/2020 10:00:00 AM,51299,PPL,,,ZONE,,26.06,23.013191,-1.706726,-1.340083,True,1
8/27/2020 2:00:00 PM,8/27/2020 10:00:00 AM,51300,PENELEC,,,ZONE,,26.06,28.774951,3.589816,-0.874865,True,1
8/27/2020 2:00:00 PM,8/27/2020 10:00:00 AM,51301,PSEG,,,ZONE,,26.06,22.705580,-2.356819,-0.997601,True,1
8/27/2020 2:00:00 PM,8/27/2020 10:00:00 AM,7633629,RECO,,,ZONE,,26.06,23.173819,-2.026206,-0.859975,True,1
8/27/2020 2:00:00 PM,8/27/2020 10:00:00 AM,8394954,APS,,,ZONE,,26.06,26.024921,0.492322,-0.527401,True,1
8/27/2020 2:00:00 PM,8/27/2020 10:00:00 AM,8445784,AEP,,,ZONE,,26.06,28.109378,1.538490,0.510888,True,1
8/27/2020 2:00:00 PM,8/27/2020 10:00:00 AM,33092371,COMED,,,ZONE,,26.06,27.285749,0.289912,0.935837,True,1
8/27/2020 2:00:00 PM,8/27/2020 10:00:00 AM,34508503,DAY,,,ZONE,,26.06,28.697289,0.298755,2.338534,True,1
8/27/2020 2:00:00 PM,8/27/2020 10:00:00 AM,34964545,DOM,,,ZONE,,26.06,28.381703,2.470855,-0.149152,True,1
8/27/2020 2:00:00 PM,8/27/2020 10:00:00 AM,37737283,DUQ,,,ZONE,,26.06,25.617310,0.213898,-0.656588,True,1
8/27/2020 2:00:00 PM,8/27/2020 10:00:00 AM,116013753,ATSI,,,ZONE,,26.06,26.107079,-0.058585,0.105664,True,1
8/27/2020 2:00:00 PM,8/27/2020 10:00:00 AM,124076095,DEOK,,,ZONE,,26.06,27.386162,0.320650,1.005512,True,1
8/27/2020 2:00:00 PM,8/27/2020 10:00:00 AM,970242670,EKPC,,,ZONE,,26.06,26.880721,0.357364,0.463357,True,1
8/27/2020 2:00:00 PM,8/27/2020 10:00:00 AM,1709725933,OVEC,,,ZONE,,26.06,26.220000,0.340000,-0.180000,True,1
8/27/2020 3:00:00 PM,8/27/2020 11:00:00 AM,1,PJM-RTO,,,ZONE,,29.95,31.376365,1.254767,0.171598,True,1
8/27/2020 3:00:00 PM,8/27/2020 11:00:00 AM,3,MID-ATL/APS,,,ZONE,,29.95,31.584881,1.645591,-0.010710,True,1
8/27/2020 3:00:00 PM,8/27/2020 11:00:00 AM,51291,AECO,,,ZONE,,29.95,26.770019,-2.386121,-0.793860,True,1
8/27/2020 3:00:00 PM,8/27/2020 11:00:00 AM,51292,BGE,,,ZONE,,29.95,35.685891,5.420943,0.314948,True,1
8/27/2020 3:00:00 PM,8/27/2020 11:00:00 AM,51293,DPL,,,ZONE,,29.95,27.442337,-1.918668,-0.588995,True,1
8/27/2020 3:00:00 PM,8/27/2020 11:00:00 AM,51295,JCPL,,,ZONE,,29.95,26.915886,-2.124324,-0.909790,True,1
8/27/2020 3:00:00 PM,8/27/2020 11:00:00 AM,51296,METED,,,ZONE,,29.95,48.649575,19.590929,-0.891354,True,1
8/27/2020 3:00:00 PM,8/27/2020 11:00:00 AM,51297,PECO,,,ZONE,,29.95,27.173146,-1.523839,-1.253015,True,1
8/27/2020 3:00:00 PM,8/27/2020 11:00:00 AM,51298,PEPCO,,,ZONE,,29.95,31.714483,1.762675,0.001808,True,1
8/27/2020 3:00:00 PM,8/27/2020 11:00:00 AM,51299,PPL,,,ZONE,,29.95,27.549418,-1.076617,-1.323965,True,1
8/27/2020 3:00:00 PM,8/27/2020 11:00:00 AM,51300,PENELEC,,,ZONE,,29.95,34.601377,5.351117,-0.699740,True,1
8/27/2020 3:00:00 PM,8/27/2020 11:00:00 AM,51301,PSEG,,,ZONE,,29.95,26.796431,-2.099673,-1.053896,True,1
8/27/2020 3:00:00 PM,8/27/2020 11:00:00 AM,7633629,RECO,,,ZONE,,29.95,27.204164,-1.767656,-0.978180,True,1
8/27/2020 3:00:00 PM,8/27/2020 11:00:00 AM,8394954,APS,,,ZONE,,29.95,29.936381,0.440172,-0.453791,True,1
8/27/2020 3:00:00 PM,8/27/2020 11:00:00 AM,8445784,AEP,,,ZONE,,29.95,32.821895,2.331771,0.540124,True,1
8/27/2020 3:00:00 PM,8/27/2020 11:00:00 AM,33092371,COMED,,,ZONE,,29.95,30.765221,0.260000,0.555221,True,1
8/27/2020 3:00:00 PM,8/27/2020 11:00:00 AM,34508503,DAY,,,ZONE,,29.95,32.661006,0.274620,2.436386,True,1
8/27/2020 3:00:00 PM,8/27/2020 11:00:00 AM,34964545,DOM,,,ZONE,,29.95,30.513203,0.708798,-0.145595,True,1
8/27/2020 3:00:00 PM,8/27/2020 11:00:00 AM,37737283,DUQ,,,ZONE,,29.95,30.121321,0.831620,-0.660299,True,1
8/27/2020 3:00:00 PM,8/27/2020 11:00:00 AM,116013753,ATSI,,,ZONE,,29.95,30.254027,-0.007346,0.311373,True,1
8/27/2020 3:00:00 PM,8/27/2020 11:00:00 AM,124076095,DEOK,,,ZONE,,29.95,31.269807,0.280000,1.039807,True,1
8/27/2020 3:00:00 PM,8/27/2020 11:00:00 AM,970242670,EKPC,,,ZONE,,29.95,30.354910,0.054579,0.350331,True,1
8/27/2020 3:00:00 PM,8/27/2020 11:00:00 AM,1709725933,OVEC,,,ZONE,,29.95,29.680000,0.060000,-0.330000,True,1
8/27/2020 4:00:00 PM,8/27/2020 12:00:00 PM,1,PJM-RTO,,,ZONE,,33.25,35.358954,1.863194,0.245761,True,1
8/27/2020 4:00:00 PM,8/27/2020 12:00:00 PM,3,MID-ATL/APS,,,ZONE,,33.25,34.961078,1.562211,0.148867,True,1
8/27/2020 4:00:00 PM,8/27/2020 12:00:00 PM,51291,AECO,,,ZONE,,33.25,30.536821,-2.087517,-0.625662,True,1
8/27/2020 4:00:00 PM,8/27/2020 12:00:00 PM,51292,BGE,,,ZONE,,33.25,40.079383,6.226827,0.602556,True,1
8/27/2020 4:00:00 PM,8/27/2020 12:00:00 PM,51293,DPL,,,ZONE,,33.25,33.859370,0.872178,-0.262808,True,1
8/27/2020 4:00:00 PM,8/27/2020 12:00:00 PM,51295,JCPL,,,ZONE,,33.25,30.806238,-1.633305,-0.810457,True,1
8/27/2020 4:00:00 PM,8/27/2020 12:00:00 PM,51296,METED,,,ZONE,,33.25,64.922166,32.446693,-0.774527,True,1
8/27/2020 4:00:00 PM,8/27/2020 12:00:00 PM,51297,PECO,,,ZONE,,33.25,31.182348,-0.896367,-1.171285,True,1
8/27/2020 4:00:00 PM,8/27/2020 12:00:00 PM,51298,PEPCO,,,ZONE,,33.25,34.064062,0.714339,0.099723,True,1
8/27/2020 4:00:00 PM,8/27/2020 12:00:00 PM,51299,PPL,,,ZONE,,33.25,31.091667,-0.910444,-1.247889,True,1
8/27/2020 4:00:00 PM,8/27/2020 12:00:00 PM,51300,PENELEC,,,ZONE,,33.25,42.871189,10.333524,-0.712335,True,1
8/27/2020 4:00:00 PM,8/27/2020 12:00:00 PM,51301,PSEG,,,ZONE,,33.25,30.421784,-1.807298,-1.020918,True,1
8/27/2020 4:00:00 PM,8/27/2020 12:00:00 PM,7633629,RECO,,,ZONE,,33.25,30.612017,-1.760000,-0.877983,True,1
8/27/2020 4:00:00 PM,8/27/2020 12:00:00 PM,8394954,APS,,,ZONE,,33.25,32.704553,-0.112672,-0.432775,True,1
8/27/2020 4:00:00 PM,8/27/2020 12:00:00 PM,8445784,AEP,,,ZONE,,33.25,38.161403,4.425981,0.485422,True,1
8/27/2020 4:00:00 PM,8/27/2020 12:00:00 PM,33092371,COMED,,,ZONE,,33.25,33.734984,0.129987,0.354997,True,1
8/27/2020 4:00:00 PM,8/27/2020 12:00:00 PM,34508503,DAY,,,ZONE,,33.25,36.118188,0.175969,2.692219,True,1
8/27/2020 4:00:00 PM,8/27/2020 12:00:00 PM,34964545,DOM,,,ZONE,,33.25,34.664652,1.675746,-0.261094,True,1
8/27/2020 4:00:00 PM,8/27/2020 12:00:00 PM,37737283,DUQ,,,ZONE,,33.25,33.920742,1.211980,-0.541238,True,1
8/27/2020 4:00:00 PM,8/27/2020 12:00:00 PM,116013753,ATSI,,,ZONE,,33.25,33.637658,-0.020326,0.407984,True,1
8/27/2020 4:00:00 PM,8/27/2020 12:00:00 PM,124076095,DEOK,,,ZONE,,33.25,34.425324,0.130235,1.045089,True,1
8/27/2020 4:00:00 PM,8/27/2020 12:00:00 PM,970242670,EKPC,,,ZONE,,33.25,32.951977,-0.499808,0.201785,True,1
8/27/2020 4:00:00 PM,8/27/2020 12:00:00 PM,1709725933,OVEC,,,ZONE,,33.25,32.290000,-0.440000,-0.520000,True,1
8/27/2020 5:00:00 PM,8/27/2020 1:00:00 PM,1,PJM-RTO,,,ZONE,,38.76,41.751232,2.676607,0.314625,True,1
8/27/2020 5:00:00 PM,8/27/2020 1:00:00 PM,3,MID-ATL/APS,,,ZONE,,38.76,41.229666,2.299809,0.169857,True,1
8/27/2020 5:00:00 PM,8/27/2020 1:00:00 PM,51291,AECO,,,ZONE,,38.76,35.915698,-2.188999,-0.655303,True,1
8/27/2020 5:00:00 PM,8/27/2020 1:00:00 PM,51292,BGE,,,ZONE,,38.76,47.530224,8.121518,0.648706,True,1
8/27/2020 5:00:00 PM,8/27/2020 1:00:00 PM,51293,DPL,,,ZONE,,38.76,40.426556,1.812952,-0.146396,True,1
8/27/2020 5:00:00 PM,8/27/2020 1:00:00 PM,51295,JCPL,,,ZONE,,38.76,36.256396,-1.519600,-0.984004,True,1
8/27/2020 5:00:00 PM,8/27/2020 1:00:00 PM,51296,METED,,,ZONE,,38.76,75.044461,37.226121,-0.941660,True,1
8/27/2020 5:00:00 PM,8/27/2020 1:00:00 PM,51297,PECO,,,ZONE,,38.76,36.629425,-0.796937,-1.333638,True,1
8/27/2020 5:00:00 PM,8/27/2020 1:00:00 PM,51298,PEPCO,,,ZONE,,38.76,40.113567,1.254581,0.098986,True,1
8/27/2020 5:00:00 PM,8/27/2020 1:00:00 PM,51299,PPL,,,ZONE,,38.76,36.290697,-0.956432,-1.512871,True,1
8/27/2020 5:00:00 PM,8/27/2020 1:00:00 PM,51300,PENELEC,,,ZONE,,38.76,48.566809,10.742312,-0.935503,True,1
8/27/2020 5:00:00 PM,8/27/2020 1:00:00 PM,51301,PSEG,,,ZONE,,38.76,35.649748,-1.882621,-1.227631,True,1
8/27/2020 5:00:00 PM,8/27/2020 1:00:00 PM,7633629,RECO,,,ZONE,,38.76,35.685620,-2.010000,-1.064380,True,1
8/27/2020 5:00:00 PM,8/27/2020 1:00:00 PM,8394954,APS,,,ZONE,,38.76,38.011006,-0.235919,-0.513075,True,1
8/27/2020 5:00:00 PM,8/27/2020 1:00:00 PM,8445784,AEP,,,ZONE,,38.76,46.123253,6.837088,0.526165,True,1
8/27/2020 5:00:00 PM,8/27/2020 1:00:00 PM,33092371,COMED,,,ZONE,,38.76,39.445576,0.180000,0.505576,True,1
8/27/2020 5:00:00 PM,8/27/2020 1:00:00 PM,34508503,DAY,,,ZONE,,38.76,42.351333,0.588045,3.003288,True,1
8/27/2020 5:00:00 PM,8/27/2020 1:00:00 PM,34964545,DOM,,,ZONE,,38.76,39.524371,1.165699,-0.401328,True,1
8/27/2020 5:00:00 PM,8/27/2020 1:00:00 PM,37737283,DUQ,,,ZONE,,38.76,40.116968,1.965379,-0.608411,True,1
8/27/2020 5:00:00 PM,8/27/2020 1:00:00 PM,116013753,ATSI,,,ZONE,,38.76,39.956217,0.620797,0.575420,True,1
8/27/2020 5:00:00 PM,8/27/2020 1:00:00 PM,124076095,DEOK,,,ZONE,,38.76,40.217690,0.200849,1.256841,True,1
8/27/2020 5:00:00 PM,8/27/2020 1:00:00 PM,970242670,EKPC,,,ZONE,,38.76,38.614594,-0.327577,0.182171,True,1
8/27/2020 5:00:00 PM,8/27/2020 1:00:00 PM,1709725933,OVEC,,,ZONE,,38.76,37.110000,-1.000000,-0.650000,True,1
8/27/2020 6:00:00 PM,8/27/2020 2:00:00 PM,1,PJM-RTO,,,ZONE,,46.40,49.801471,3.110227,0.291243,True,1
8/27/2020 6:00:00 PM,8/27/2020 2:00:00 PM,3,MID-ATL/APS,,,ZONE,,46.40,49.935946,3.364514,0.171432,True,1
8/27/2020 6:00:00 PM,8/27/2020 2:00:00 PM,51291,AECO,,,ZONE,,46.40,42.999397,-2.644251,-0.756352,True,1
8/27/2020 6:00:00 PM,8/27/2020 2:00:00 PM,51292,BGE,,,ZONE,,46.40,56.666239,9.596898,0.669341,True,1
8/27/2020 6:00:00 PM,8/27/2020 2:00:00 PM,51293,DPL,,,ZONE,,46.40,52.483149,6.210152,-0.127003,True,1
8/27/2020 6:00:00 PM,8/27/2020 2:00:00 PM,51295,JCPL,,,ZONE,,46.40,43.662273,-1.543320,-1.194407,True,1
8/27/2020 6:00:00 PM,8/27/2020 2:00:00 PM,51296,METED,,,ZONE,,46.40,83.670345,38.388651,-1.118306,True,1
8/27/2020 6:00:00 PM,8/27/2020 2:00:00 PM,51297,PECO,,,ZONE,,46.40,43.786528,-0.981913,-1.631559,True,1
8/27/2020 6:00:00 PM,8/27/2020 2:00:00 PM,51298,PEPCO,,,ZONE,,46.40,47.565457,1.175773,-0.010316,True,1
8/27/2020 6:00:00 PM,8/27/2020 2:00:00 PM,51299,PPL,,,ZONE,,46.40,43.251003,-1.353186,-1.795811,True,1
8/27/2020 6:00:00 PM,8/27/2020 2:00:00 PM,51300,PENELEC,,,ZONE,,46.40,55.229456,10.057485,-1.228029,True,1
8/27/2020 6:00:00 PM,8/27/2020 2:00:00 PM,51301,PSEG,,,ZONE,,46.40,42.681074,-2.206478,-1.512448,True,1
8/27/2020 6:00:00 PM,8/27/2020 2:00:00 PM,7633629,RECO,,,ZONE,,46.40,42.365638,-2.703362,-1.331000,True,1
8/27/2020 6:00:00 PM,8/27/2020 2:00:00 PM,8394954,APS,,,ZONE,,46.40,45.082972,-0.707264,-0.609764,True,1
8/27/2020 6:00:00 PM,8/27/2020 2:00:00 PM,8445784,AEP,,,ZONE,,46.40,54.037680,7.030337,0.607343,True,1
8/27/2020 6:00:00 PM,8/27/2020 2:00:00 PM,33092371,COMED,,,ZONE,,46.40,47.310654,0.189720,0.720934,True,1
8/27/2020 6:00:00 PM,8/27/2020 2:00:00 PM,34508503,DAY,,,ZONE,,46.40,50.720953,0.604442,3.716511,True,1
8/27/2020 6:00:00 PM,8/27/2020 2:00:00 PM,34964545,DOM,,,ZONE,,46.40,47.486589,1.757153,-0.670564,True,1
8/27/2020 6:00:00 PM,8/27/2020 2:00:00 PM,37737283,DUQ,,,ZONE,,46.40,47.642182,1.841633,-0.599451,True,1
8/27/2020 6:00:00 PM,8/27/2020 2:00:00 PM,116013753,ATSI,,,ZONE,,46.40,47.700789,0.487569,0.813220,True,1
8/27/2020 6:00:00 PM,8/27/2020 2:00:00 PM,124076095,DEOK,,,ZONE,,46.40,48.128786,0.119617,1.609169,True,1
8/27/2020 6:00:00 PM,8/27/2020 2:00:00 PM,970242670,EKPC,,,ZONE,,46.40,47.306810,0.673889,0.232921,True,1
8/27/2020 6:00:00 PM,8/27/2020 2:00:00 PM,1709725933,OVEC,,,ZONE,,46.40,44.820000,-0.780000,-0.800000,True,1
8/27/2020 7:00:00 PM,8/27/2020 3:00:00 PM,1,PJM-RTO,,,ZONE,,56.66,61.077303,4.025866,0.391437,True,1
8/27/2020 7:00:00 PM,8/27/2020 3:00:00 PM,3,MID-ATL/APS,,,ZONE,,56.66,61.921539,4.915430,0.346109,True,1
8/27/2020 7:00:00 PM,8/27/2020 3:00:00 PM,51291,AECO,,,ZONE,,56.66,52.479259,-3.417319,-0.763422,True,1
8/27/2020 7:00:00 PM,8/27/2020 3:00:00 PM,51292,BGE,,,ZONE,,56.66,67.009452,9.334890,1.014562,True,1
8/27/2020 7:00:00 PM,8/27/2020 3:00:00 PM,51293,DPL,,,ZONE,,56.66,73.750580,16.993528,0.097052,True,1
8/27/2020 7:00:00 PM,8/27/2020 3:00:00 PM,51295,JCPL,,,ZONE,,56.66,53.577885,-1.694110,-1.388005,True,1
8/27/2020 7:00:00 PM,8/27/2020 3:00:00 PM,51296,METED,,,ZONE,,56.66,92.290117,36.876457,-1.246340,True,1
8/27/2020 7:00:00 PM,8/27/2020 3:00:00 PM,51297,PECO,,,ZONE,,56.66,53.146650,-1.602628,-1.910722,True,1
8/27/2020 7:00:00 PM,8/27/2020 3:00:00 PM,51298,PEPCO,,,ZONE,,56.66,56.882969,0.083508,0.139461,True,1
8/27/2020 7:00:00 PM,8/27/2020 3:00:00 PM,51299,PPL,,,ZONE,,56.66,52.446064,-2.094149,-2.119787,True,1
8/27/2020 7:00:00 PM,8/27/2020 3:00:00 PM,51300,PENELEC,,,ZONE,,56.66,63.091409,8.243722,-1.812313,True,1
8/27/2020 7:00:00 PM,8/27/2020 3:00:00 PM,51301,PSEG,,,ZONE,,56.66,52.139290,-2.745129,-1.775581,True,1
8/27/2020 7:00:00 PM,8/27/2020 3:00:00 PM,7633629,RECO,,,ZONE,,56.66,51.207724,-3.826638,-1.625638,True,1
8/27/2020 7:00:00 PM,8/27/2020 3:00:00 PM,8394954,APS,,,ZONE,,56.66,54.526431,-1.367891,-0.765678,True,1
8/27/2020 7:00:00 PM,8/27/2020 3:00:00 PM,8445784,AEP,,,ZONE,,56.66,64.650183,7.328028,0.662155,True,1
8/27/2020 7:00:00 PM,8/27/2020 3:00:00 PM,33092371,COMED,,,ZONE,,56.66,59.998307,2.575791,0.762516,True,1
8/27/2020 7:00:00 PM,8/27/2020 3:00:00 PM,34508503,DAY,,,ZONE,,56.66,61.232762,0.015898,4.556864,True,1
8/27/2020 7:00:00 PM,8/27/2020 3:00:00 PM,34964545,DOM,,,ZONE,,56.66,59.307432,3.385412,-0.737980,True,1
8/27/2020 7:00:00 PM,8/27/2020 3:00:00 PM,37737283,DUQ,,,ZONE,,56.66,57.423297,1.545857,-0.782560,True,1
8/27/2020 7:00:00 PM,8/27/2020 3:00:00 PM,116013753,ATSI,,,ZONE,,56.66,57.565333,-0.150446,1.055779,True,1
8/27/2020 7:00:00 PM,8/27/2020 3:00:00 PM,124076095,DEOK,,,ZONE,,56.66,58.224789,-0.325581,1.890370,True,1
8/27/2020 7:00:00 PM,8/27/2020 3:00:00 PM,970242670,EKPC,,,ZONE,,56.66,57.034879,0.266661,0.108218,True,1
8/27/2020 7:00:00 PM,8/27/2020 3:00:00 PM,1709725933,OVEC,,,ZONE,,56.66,54.340000,-1.270000,-1.050000,True,1
8/27/2020 8:00:00 PM,8/27/2020 4:00:00 PM,1,PJM-RTO,,,ZONE,,63.35,68.038813,4.183663,0.505150,True,1
8/27/2020 8:00:00 PM,8/27/2020 4:00:00 PM,3,MID-ATL/APS,,,ZONE,,63.35,70.006542,5.875474,0.781068,True,1
8/27/2020 8:00:00 PM,8/27/2020 4:00:00 PM,51291,AECO,,,ZONE,,63.35,59.941284,-2.639595,-0.769121,True,1
8/27/2020 8:00:00 PM,8/27/2020 4:00:00 PM,51292,BGE,,,ZONE,,63.35,74.180180,9.382842,1.447338,True,1
8/27/2020 8:00:00 PM,8/27/2020 4:00:00 PM,51293,DPL,,,ZONE,,63.35,85.454151,21.329067,0.775084,True,1
8/27/2020 8:00:00 PM,8/27/2020 4:00:00 PM,51295,JCPL,,,ZONE,,63.35,60.946473,-0.964163,-1.439364,True,1
8/27/2020 8:00:00 PM,8/27/2020 4:00:00 PM,51296,METED,,,ZONE,,63.35,100.027049,37.978692,-1.301643,True,1
8/27/2020 8:00:00 PM,8/27/2020 4:00:00 PM,51297,PECO,,,ZONE,,63.35,60.402676,-0.939747,-2.007577,True,1
8/27/2020 8:00:00 PM,8/27/2020 4:00:00 PM,51298,PEPCO,,,ZONE,,63.35,64.062322,0.247513,0.464809,True,1
8/27/2020 8:00:00 PM,8/27/2020 4:00:00 PM,51299,PPL,,,ZONE,,63.35,63.514493,2.443115,-2.278622,True,1
8/27/2020 8:00:00 PM,8/27/2020 4:00:00 PM,51300,PENELEC,,,ZONE,,63.35,68.776425,7.601283,-2.174858,True,1
8/27/2020 8:00:00 PM,8/27/2020 4:00:00 PM,51301,PSEG,,,ZONE,,63.35,59.392124,-2.079722,-1.878154,True,1
8/27/2020 8:00:00 PM,8/27/2020 4:00:00 PM,7633629,RECO,,,ZONE,,63.35,58.017582,-3.563794,-1.768624,True,1
8/27/2020 8:00:00 PM,8/27/2020 4:00:00 PM,8394954,APS,,,ZONE,,63.35,61.033947,-1.591328,-0.724725,True,1
8/27/2020 8:00:00 PM,8/27/2020 4:00:00 PM,8445784,AEP,,,ZONE,,63.35,70.569639,6.639509,0.580130,True,1
8/27/2020 8:00:00 PM,8/27/2020 4:00:00 PM,33092371,COMED,,,ZONE,,63.35,66.397697,2.577878,0.469819,True,1
8/27/2020 8:00:00 PM,8/27/2020 4:00:00 PM,34508503,DAY,,,ZONE,,63.35,67.714762,-0.439645,4.804407,True,1
8/27/2020 8:00:00 PM,8/27/2020 4:00:00 PM,34964545,DOM,,,ZONE,,63.35,65.906540,3.166851,-0.610311,True,1
8/27/2020 8:00:00 PM,8/27/2020 4:00:00 PM,37737283,DUQ,,,ZONE,,63.35,62.706187,0.128722,-0.772535,True,1
8/27/2020 8:00:00 PM,8/27/2020 4:00:00 PM,116013753,ATSI,,,ZONE,,63.35,64.038374,-0.524219,1.212593,True,1
8/27/2020 8:00:00 PM,8/27/2020 4:00:00 PM,124076095,DEOK,,,ZONE,,63.35,64.317000,-0.802030,1.769030,True,1
8/27/2020 8:00:00 PM,8/27/2020 4:00:00 PM,970242670,EKPC,,,ZONE,,63.35,62.998394,-0.226353,-0.125253,True,1
8/27/2020 8:00:00 PM,8/27/2020 4:00:00 PM,1709725933,OVEC,,,ZONE,,63.35,60.230000,-1.760000,-1.360000,True,1
8/27/2020 9:00:00 PM,8/27/2020 5:00:00 PM,1,PJM-RTO,,,ZONE,,60.81,66.054367,4.721703,0.522664,True,1
8/27/2020 9:00:00 PM,8/27/2020 5:00:00 PM,3,MID-ATL/APS,,,ZONE,,60.81,69.846571,8.237044,0.799527,True,1
8/27/2020 9:00:00 PM,8/27/2020 5:00:00 PM,51291,AECO,,,ZONE,,60.81,58.691823,-1.672738,-0.445439,True,1
8/27/2020 9:00:00 PM,8/27/2020 5:00:00 PM,51292,BGE,,,ZONE,,60.81,72.462485,10.205944,1.446541,True,1
8/27/2020 9:00:00 PM,8/27/2020 5:00:00 PM,51293,DPL,,,ZONE,,60.81,92.206252,30.573213,0.823039,True,1
8/27/2020 9:00:00 PM,8/27/2020 5:00:00 PM,51295,JCPL,,,ZONE,,60.81,59.318517,-0.286123,-1.205360,True,1
8/27/2020 9:00:00 PM,8/27/2020 5:00:00 PM,51296,METED,,,ZONE,,60.81,100.027122,40.333909,-1.116787,True,1
8/27/2020 9:00:00 PM,8/27/2020 5:00:00 PM,51297,PECO,,,ZONE,,60.81,59.042020,0.047114,-1.815094,True,1
8/27/2020 9:00:00 PM,8/27/2020 5:00:00 PM,51298,PEPCO,,,ZONE,,60.81,61.936146,0.663981,0.462165,True,1
8/27/2020 9:00:00 PM,8/27/2020 5:00:00 PM,51299,PPL,,,ZONE,,60.81,59.436450,0.717127,-2.090677,True,1
8/27/2020 9:00:00 PM,8/27/2020 5:00:00 PM,51300,PENELEC,,,ZONE,,60.81,66.154999,7.443695,-2.098696,True,1
8/27/2020 9:00:00 PM,8/27/2020 5:00:00 PM,51301,PSEG,,,ZONE,,60.81,57.832717,-1.328275,-1.649008,True,1
8/27/2020 9:00:00 PM,8/27/2020 5:00:00 PM,7633629,RECO,,,ZONE,,60.81,56.306002,-2.956638,-1.547360,True,1
8/27/2020 9:00:00 PM,8/27/2020 5:00:00 PM,8394954,APS,,,ZONE,,60.81,59.299419,-0.781560,-0.729021,True,1
8/27/2020 9:00:00 PM,8/27/2020 5:00:00 PM,8445784,AEP,,,ZONE,,60.81,65.385206,4.069462,0.505744,True,1
8/27/2020 9:00:00 PM,8/27/2020 5:00:00 PM,33092371,COMED,,,ZONE,,60.81,62.853152,1.706757,0.336395,True,1
8/27/2020 9:00:00 PM,8/27/2020 5:00:00 PM,34508503,DAY,,,ZONE,,60.81,63.520255,-1.685067,4.395322,True,1
8/27/2020 9:00:00 PM,8/27/2020 5:00:00 PM,34964545,DOM,,,ZONE,,60.81,62.945649,2.706474,-0.570825,True,1
8/27/2020 9:00:00 PM,8/27/2020 5:00:00 PM,37737283,DUQ,,,ZONE,,60.81,60.859216,0.749702,-0.700486,True,1
8/27/2020 9:00:00 PM,8/27/2020 5:00:00 PM,116013753,ATSI,,,ZONE,,60.81,60.426368,-1.573498,1.189866,True,1
8/27/2020 9:00:00 PM,8/27/2020 5:00:00 PM,124076095,DEOK,,,ZONE,,60.81,60.752088,-1.635761,1.577849,True,1
8/27/2020 9:00:00 PM,8/27/2020 5:00:00 PM,970242670,EKPC,,,ZONE,,60.81,59.522951,-1.101404,-0.185645,True,1
8/27/2020 9:00:00 PM,8/27/2020 5:00:00 PM,1709725933,OVEC,,,ZONE,,60.81,57.240000,-2.180000,-1.390000,True,1
8/27/2020 10:00:00 PM,8/27/2020 6:00:00 PM,1,PJM-RTO,,,ZONE,,41.74,46.801262,4.715106,0.346156,True,1
8/27/2020 10:00:00 PM,8/27/2020 6:00:00 PM,3,MID-ATL/APS,,,ZONE,,41.74,50.507638,8.380738,0.386900,True,1
8/27/2020 10:00:00 PM,8/27/2020 6:00:00 PM,51291,AECO,,,ZONE,,41.74,41.485493,0.302009,-0.556516,True,1
8/27/2020 10:00:00 PM,8/27/2020 6:00:00 PM,51292,BGE,,,ZONE,,41.74,47.399344,4.947989,0.711355,True,1
8/27/2020 10:00:00 PM,8/27/2020 6:00:00 PM,51293,DPL,,,ZONE,,41.74,70.694445,28.609686,0.344759,True,1
8/27/2020 10:00:00 PM,8/27/2020 6:00:00 PM,51295,JCPL,,,ZONE,,41.74,43.048100,2.396368,-1.088268,True,1
8/27/2020 10:00:00 PM,8/27/2020 6:00:00 PM,51296,METED,,,ZONE,,41.74,82.733542,42.113959,-1.120417,True,1
8/27/2020 10:00:00 PM,8/27/2020 6:00:00 PM,51297,PECO,,,ZONE,,41.74,41.333595,1.100292,-1.506697,True,1
8/27/2020 10:00:00 PM,8/27/2020 6:00:00 PM,51298,PEPCO,,,ZONE,,41.74,42.588362,0.718856,0.129506,True,1
8/27/2020 10:00:00 PM,8/27/2020 6:00:00 PM,51299,PPL,,,ZONE,,41.74,40.943723,0.920335,-1.716612,True,1
8/27/2020 10:00:00 PM,8/27/2020 6:00:00 PM,51300,PENELEC,,,ZONE,,41.74,48.701876,8.411560,-1.449684,True,1
8/27/2020 10:00:00 PM,8/27/2020 6:00:00 PM,51301,PSEG,,,ZONE,,41.74,41.177682,0.804588,-1.366906,True,1
8/27/2020 10:00:00 PM,8/27/2020 6:00:00 PM,7633629,RECO,,,ZONE,,41.74,39.266336,-1.260000,-1.213664,True,1
8/27/2020 10:00:00 PM,8/27/2020 6:00:00 PM,8394954,APS,,,ZONE,,41.74,39.806028,-1.300722,-0.633250,True,1
8/27/2020 10:00:00 PM,8/27/2020 6:00:00 PM,8445784,AEP,,,ZONE,,41.74,45.233900,3.034671,0.459229,True,1
8/27/2020 10:00:00 PM,8/27/2020 6:00:00 PM,33092371,COMED,,,ZONE,,41.74,43.819206,1.483420,0.595786,True,1
8/27/2020 10:00:00 PM,8/27/2020 6:00:00 PM,34508503,DAY,,,ZONE,,41.74,44.500646,-0.571672,3.332318,True,1
8/27/2020 10:00:00 PM,8/27/2020 6:00:00 PM,34964545,DOM,,,ZONE,,41.74,41.074106,-0.325643,-0.340251,True,1
8/27/2020 10:00:00 PM,8/27/2020 6:00:00 PM,37737283,DUQ,,,ZONE,,41.74,40.178583,-0.798379,-0.763038,True,1
8/27/2020 10:00:00 PM,8/27/2020 6:00:00 PM,116013753,ATSI,,,ZONE,,41.74,41.947665,-0.501425,0.709090,True,1
8/27/2020 10:00:00 PM,8/27/2020 6:00:00 PM,124076095,DEOK,,,ZONE,,41.74,42.156659,-0.886060,1.302719,True,1
8/27/2020 10:00:00 PM,8/27/2020 6:00:00 PM,970242670,EKPC,,,ZONE,,41.74,41.378530,-0.585125,0.223655,True,1
8/27/2020 10:00:00 PM,8/27/2020 6:00:00 PM,1709725933,OVEC,,,ZONE,,41.74,39.150000,-1.810000,-0.780000,True,1
8/27/2020 11:00:00 PM,8/27/2020 7:00:00 PM,1,PJM-RTO,,,ZONE,,33.22,36.422616,2.927242,0.275373,True,1
8/27/2020 11:00:00 PM,8/27/2020 7:00:00 PM,3,MID-ATL/APS,,,ZONE,,33.22,39.846680,6.179578,0.447102,True,1
8/27/2020 11:00:00 PM,8/27/2020 7:00:00 PM,51291,AECO,,,ZONE,,33.22,32.124038,-0.721774,-0.374188,True,1
8/27/2020 11:00:00 PM,8/27/2020 7:00:00 PM,51292,BGE,,,ZONE,,33.22,38.422846,4.470492,0.732354,True,1
8/27/2020 11:00:00 PM,8/27/2020 7:00:00 PM,51293,DPL,,,ZONE,,33.22,52.327546,18.903331,0.204215,True,1
8/27/2020 11:00:00 PM,8/27/2020 7:00:00 PM,51295,JCPL,,,ZONE,,33.22,32.932501,0.361449,-0.648948,True,1
8/27/2020 11:00:00 PM,8/27/2020 7:00:00 PM,51296,METED,,,ZONE,,33.22,57.719134,25.350652,-0.851518,True,1
8/27/2020 11:00:00 PM,8/27/2020 7:00:00 PM,51297,PECO,,,ZONE,,33.22,32.154516,0.003302,-1.068786,True,1
8/27/2020 11:00:00 PM,8/27/2020 7:00:00 PM,51298,PEPCO,,,ZONE,,33.22,34.248795,0.736092,0.292703,True,1
8/27/2020 11:00:00 PM,8/27/2020 7:00:00 PM,51299,PPL,,,ZONE,,33.22,33.169788,1.224150,-1.274362,True,1
8/27/2020 11:00:00 PM,8/27/2020 7:00:00 PM,51300,PENELEC,,,ZONE,,33.22,38.289276,5.932354,-0.863078,True,1
8/27/2020 11:00:00 PM,8/27/2020 7:00:00 PM,51301,PSEG,,,ZONE,,33.22,32.012770,-0.358438,-0.848792,True,1
8/27/2020 11:00:00 PM,8/27/2020 7:00:00 PM,7633629,RECO,,,ZONE,,33.22,31.418735,-1.060000,-0.741265,True,1
8/27/2020 11:00:00 PM,8/27/2020 7:00:00 PM,8394954,APS,,,ZONE,,33.22,32.072580,-0.691769,-0.455651,True,1
8/27/2020 11:00:00 PM,8/27/2020 7:00:00 PM,8445784,AEP,,,ZONE,,33.22,34.933085,1.412418,0.300667,True,1
8/27/2020 11:00:00 PM,8/27/2020 7:00:00 PM,33092371,COMED,,,ZONE,,33.22,34.450532,0.980281,0.250251,True,1
8/27/2020 11:00:00 PM,8/27/2020 7:00:00 PM,34508503,DAY,,,ZONE,,33.22,35.543442,-0.085314,2.408756,True,1
8/27/2020 11:00:00 PM,8/27/2020 7:00:00 PM,34964545,DOM,,,ZONE,,33.22,33.018082,-0.134695,-0.067223,True,1
8/27/2020 11:00:00 PM,8/27/2020 7:00:00 PM,37737283,DUQ,,,ZONE,,33.22,31.817753,-0.671863,-0.730384,True,1
8/27/2020 11:00:00 PM,8/27/2020 7:00:00 PM,116013753,ATSI,,,ZONE,,33.22,33.233114,-0.370372,0.383486,True,1
8/27/2020 11:00:00 PM,8/27/2020 7:00:00 PM,124076095,DEOK,,,ZONE,,33.22,33.823409,-0.284144,0.887553,True,1
8/27/2020 11:00:00 PM,8/27/2020 7:00:00 PM,970242670,EKPC,,,ZONE,,33.22,33.108134,-0.167408,0.055542,True,1
8/27/2020 11:00:00 PM,8/27/2020 7:00:00 PM,1709725933,OVEC,,,ZONE,,33.22,31.550000,-1.010000,-0.660000,True,1
8/28/2020 12:00:00 AM,8/27/2020 8:00:00 PM,1,PJM-RTO,,,ZONE,,29.83,32.520433,2.474465,0.215967,True,1
8/28/2020 12:00:00 AM,8/27/2020 8:00:00 PM,3,MID-ATL/APS,,,ZONE,,29.83,35.802567,5.696827,0.275739,True,1
8/28/2020 12:00:00 AM,8/27/2020 8:00:00 PM,51291,AECO,,,ZONE,,29.83,29.776737,0.342701,-0.395964,True,1
8/28/2020 12:00:00 AM,8/27/2020 8:00:00 PM,51292,BGE,,,ZONE,,29.83,32.644819,2.312148,0.502671,True,1
8/28/2020 12:00:00 AM,8/27/2020 8:00:00 PM,51293,DPL,,,ZONE,,29.83,41.034499,11.199958,0.004541,True,1
8/28/2020 12:00:00 AM,8/27/2020 8:00:00 PM,51295,JCPL,,,ZONE,,29.83,29.435052,0.224282,-0.619230,True,1
8/28/2020 12:00:00 AM,8/27/2020 8:00:00 PM,51296,METED,,,ZONE,,29.83,50.814080,21.808578,-0.824498,True,1
8/28/2020 12:00:00 AM,8/27/2020 8:00:00 PM,51297,PECO,,,ZONE,,29.83,28.861699,0.050394,-1.018695,True,1
8/28/2020 12:00:00 AM,8/27/2020 8:00:00 PM,51298,PEPCO,,,ZONE,,29.83,30.514696,0.499784,0.184912,True,1
8/28/2020 12:00:00 AM,8/27/2020 8:00:00 PM,51299,PPL,,,ZONE,,29.83,29.682708,1.050542,-1.197834,True,1
8/28/2020 12:00:00 AM,8/27/2020 8:00:00 PM,51300,PENELEC,,,ZONE,,29.83,35.100059,5.955447,-0.685388,True,1
8/28/2020 12:00:00 AM,8/27/2020 8:00:00 PM,51301,PSEG,,,ZONE,,29.83,28.915288,-0.098608,-0.816104,True,1
8/28/2020 12:00:00 AM,8/27/2020 8:00:00 PM,7633629,RECO,,,ZONE,,29.83,28.747539,-0.380000,-0.702461,True,1
8/28/2020 12:00:00 AM,8/27/2020 8:00:00 PM,8394954,APS,,,ZONE,,29.83,29.239666,-0.135609,-0.454725,True,1
8/28/2020 12:00:00 AM,8/27/2020 8:00:00 PM,8445784,AEP,,,ZONE,,29.83,31.013200,0.835043,0.348157,True,1
8/28/2020 12:00:00 AM,8/27/2020 8:00:00 PM,33092371,COMED,,,ZONE,,29.83,30.114715,0.000000,0.284715,True,1
8/28/2020 12:00:00 AM,8/27/2020 8:00:00 PM,34508503,DAY,,,ZONE,,29.83,31.996945,0.000000,2.166945,True,1
8/28/2020 12:00:00 AM,8/27/2020 8:00:00 PM,34964545,DOM,,,ZONE,,29.83,29.827145,0.075239,-0.078094,True,1
8/28/2020 12:00:00 AM,8/27/2020 8:00:00 PM,37737283,DUQ,,,ZONE,,29.83,28.995856,-0.208054,-0.626090,True,1
8/28/2020 12:00:00 AM,8/27/2020 8:00:00 PM,116013753,ATSI,,,ZONE,,29.83,30.005972,-0.189246,0.365218,True,1
8/28/2020 12:00:00 AM,8/27/2020 8:00:00 PM,124076095,DEOK,,,ZONE,,29.83,30.671732,0.000000,0.841732,True,1
8/28/2020 12:00:00 AM,8/27/2020 8:00:00 PM,970242670,EKPC,,,ZONE,,29.83,30.016021,0.000000,0.186021,True,1
8/28/2020 12:00:00 AM,8/27/2020 8:00:00 PM,1709725933,OVEC,,,ZONE,,29.83,29.100000,-0.230000,-0.500000,True,1
8/28/2020 1:00:00 AM,8/27/2020 9:00:00 PM,1,PJM-RTO,,,ZONE,,26.92,27.699474,0.639722,0.139753,True,1
8/28/2020 1:00:00 AM,8/27/2020 9:00:00 PM,3,MID-ATL/APS,,,ZONE,,26.92,28.190380,1.324525,-0.054144,True,1
8/28/2020 1:00:00 AM,8/27/2020 9:00:00 PM,51291,AECO,,,ZONE,,26.92,26.422178,0.264301,-0.762123,True,1
8/28/2020 1:00:00 AM,8/27/2020 9:00:00 PM,51292,BGE,,,ZONE,,26.92,29.070421,1.962436,0.187985,True,1
8/28/2020 1:00:00 AM,8/27/2020 9:00:00 PM,51293,DPL,,,ZONE,,26.92,28.782561,2.355556,-0.492995,True,1
8/28/2020 1:00:00 AM,8/27/2020 9:00:00 PM,51295,JCPL,,,ZONE,,26.92,25.964896,-0.066013,-0.889091,True,1
8/28/2020 1:00:00 AM,8/27/2020 9:00:00 PM,51296,METED,,,ZONE,,26.92,30.260409,4.429663,-1.089254,True,1
8/28/2020 1:00:00 AM,8/27/2020 9:00:00 PM,51297,PECO,,,ZONE,,26.92,25.700435,0.035233,-1.254798,True,1
8/28/2020 1:00:00 AM,8/27/2020 9:00:00 PM,51298,PEPCO,,,ZONE,,26.92,27.268982,0.412196,-0.063214,True,1
8/28/2020 1:00:00 AM,8/27/2020 9:00:00 PM,51299,PPL,,,ZONE,,26.92,25.363206,-0.149028,-1.407766,True,1
8/28/2020 1:00:00 AM,8/27/2020 9:00:00 PM,51300,PENELEC,,,ZONE,,26.92,27.075875,0.872616,-0.716741,True,1
8/28/2020 1:00:00 AM,8/27/2020 9:00:00 PM,51301,PSEG,,,ZONE,,26.92,25.769991,-0.149569,-1.000440,True,1
8/28/2020 1:00:00 AM,8/27/2020 9:00:00 PM,7633629,RECO,,,ZONE,,26.92,25.878883,-0.190000,-0.851117,True,1
8/28/2020 1:00:00 AM,8/27/2020 9:00:00 PM,8394954,APS,,,ZONE,,26.92,26.276357,-0.113994,-0.529649,True,1
8/28/2020 1:00:00 AM,8/27/2020 9:00:00 PM,8445784,AEP,,,ZONE,,26.92,27.919504,0.558169,0.441335,True,1
8/28/2020 1:00:00 AM,8/27/2020 9:00:00 PM,33092371,COMED,,,ZONE,,26.92,27.735511,0.044623,0.770888,True,1
8/28/2020 1:00:00 AM,8/27/2020 9:00:00 PM,34508503,DAY,,,ZONE,,26.92,28.972147,-0.059363,2.111510,True,1
8/28/2020 1:00:00 AM,8/27/2020 9:00:00 PM,34964545,DOM,,,ZONE,,26.92,26.825762,0.052564,-0.146802,True,1
8/28/2020 1:00:00 AM,8/27/2020 9:00:00 PM,37737283,DUQ,,,ZONE,,26.92,26.053684,-0.231968,-0.634348,True,1
8/28/2020 1:00:00 AM,8/27/2020 9:00:00 PM,116013753,ATSI,,,ZONE,,26.92,27.021851,-0.211276,0.313127,True,1
8/28/2020 1:00:00 AM,8/27/2020 9:00:00 PM,124076095,DEOK,,,ZONE,,26.92,27.846615,-0.010000,0.936615,True,1
8/28/2020 1:00:00 AM,8/27/2020 9:00:00 PM,970242670,EKPC,,,ZONE,,26.92,27.294202,-0.010000,0.384202,True,1
8/28/2020 1:00:00 AM,8/27/2020 9:00:00 PM,1709725933,OVEC,,,ZONE,,26.92,26.630000,-0.010000,-0.280000,True,1
8/28/2020 2:00:00 AM,8/27/2020 10:00:00 PM,1,PJM-RTO,,,ZONE,,23.39,23.793103,0.278174,0.124929,True,1
8/28/2020 2:00:00 AM,8/27/2020 10:00:00 PM,3,MID-ATL/APS,,,ZONE,,23.39,23.814695,0.471066,-0.046371,True,1
8/28/2020 2:00:00 AM,8/27/2020 10:00:00 PM,51291,AECO,,,ZONE,,23.39,22.696679,0.106962,-0.800283,True,1
8/28/2020 2:00:00 AM,8/27/2020 10:00:00 PM,51292,BGE,,,ZONE,,23.39,24.219864,0.744757,0.085107,True,1
8/28/2020 2:00:00 AM,8/27/2020 10:00:00 PM,51293,DPL,,,ZONE,,23.39,23.472722,0.702334,-0.619612,True,1
8/28/2020 2:00:00 AM,8/27/2020 10:00:00 PM,51295,JCPL,,,ZONE,,23.39,22.430021,-0.123229,-0.836750,True,1
8/28/2020 2:00:00 AM,8/27/2020 10:00:00 PM,51296,METED,,,ZONE,,23.39,23.165636,0.833533,-1.057897,True,1
8/28/2020 2:00:00 AM,8/27/2020 10:00:00 PM,51297,PECO,,,ZONE,,23.39,22.210134,-0.015768,-1.164098,True,1
8/28/2020 2:00:00 AM,8/27/2020 10:00:00 PM,51298,PEPCO,,,ZONE,,23.39,23.542580,0.161921,-0.009341,True,1
8/28/2020 2:00:00 AM,8/27/2020 10:00:00 PM,51299,PPL,,,ZONE,,23.39,22.070170,-0.012844,-1.306986,True,1
8/28/2020 2:00:00 AM,8/27/2020 10:00:00 PM,51300,PENELEC,,,ZONE,,23.39,22.863099,0.148570,-0.675471,True,1
8/28/2020 2:00:00 AM,8/27/2020 10:00:00 PM,51301,PSEG,,,ZONE,,23.39,22.399920,-0.123130,-0.866950,True,1
8/28/2020 2:00:00 AM,8/27/2020 10:00:00 PM,7633629,RECO,,,ZONE,,23.39,22.540722,-0.120000,-0.729278,True,1
8/28/2020 2:00:00 AM,8/27/2020 10:00:00 PM,8394954,APS,,,ZONE,,23.39,22.923111,-0.031206,-0.435683,True,1
8/28/2020 2:00:00 AM,8/27/2020 10:00:00 PM,8445784,AEP,,,ZONE,,23.39,24.144807,0.370410,0.384397,True,1
8/28/2020 2:00:00 AM,8/27/2020 10:00:00 PM,33092371,COMED,,,ZONE,,23.39,24.126128,-0.010086,0.746214,True,1
8/28/2020 2:00:00 AM,8/27/2020 10:00:00 PM,34508503,DAY,,,ZONE,,23.39,25.154991,0.000000,1.764991,True,1
8/28/2020 2:00:00 AM,8/27/2020 10:00:00 PM,34964545,DOM,,,ZONE,,23.39,23.331039,0.025009,-0.083970,True,1
8/28/2020 2:00:00 AM,8/27/2020 10:00:00 PM,37737283,DUQ,,,ZONE,,23.39,22.894526,-0.069876,-0.425598,True,1
8/28/2020 2:00:00 AM,8/27/2020 10:00:00 PM,116013753,ATSI,,,ZONE,,23.39,23.631149,-0.058436,0.299585,True,1
8/28/2020 2:00:00 AM,8/27/2020 10:00:00 PM,124076095,DEOK,,,ZONE,,23.39,24.132254,0.000000,0.742254,True,1
8/28/2020 2:00:00 AM,8/27/2020 10:00:00 PM,970242670,EKPC,,,ZONE,,23.39,23.694450,0.000000,0.304450,True,1
8/28/2020 2:00:00 AM,8/27/2020 10:00:00 PM,1709725933,OVEC,,,ZONE,,23.39,23.170000,0.000000,-0.220000,True,1
8/28/2020 3:00:00 AM,8/27/2020 11:00:00 PM,1,PJM-RTO,,,ZONE,,20.79,21.017598,0.063963,0.163635,True,1
8/28/2020 3:00:00 AM,8/27/2020 11:00:00 PM,3,MID-ATL/APS,,,ZONE,,20.79,20.787244,-0.003480,0.000723,True,1
8/28/2020 3:00:00 AM,8/27/2020 11:00:00 PM,51291,AECO,,,ZONE,,20.79,20.067974,-0.000325,-0.721701,True,1
8/28/2020 3:00:00 AM,8/27/2020 11:00:00 PM,51292,BGE,,,ZONE,,20.79,20.847946,-0.029190,0.087136,True,1
8/28/2020 3:00:00 AM,8/27/2020 11:00:00 PM,51293,DPL,,,ZONE,,20.79,20.241741,-0.030000,-0.518259,True,1
8/28/2020 3:00:00 AM,8/27/2020 11:00:00 PM,51295,JCPL,,,ZONE,,20.79,19.999695,-0.032686,-0.757619,True,1
8/28/2020 3:00:00 AM,8/27/2020 11:00:00 PM,51296,METED,,,ZONE,,20.79,19.898750,0.045553,-0.936803,True,1
8/28/2020 3:00:00 AM,8/27/2020 11:00:00 PM,51297,PECO,,,ZONE,,20.79,19.755033,-0.030000,-1.004967,True,1
8/28/2020 3:00:00 AM,8/27/2020 11:00:00 PM,51298,PEPCO,,,ZONE,,20.79,20.824720,-0.010000,0.044720,True,1
8/28/2020 3:00:00 AM,8/27/2020 11:00:00 PM,51299,PPL,,,ZONE,,20.79,19.532794,-0.095046,-1.162160,True,1
8/28/2020 3:00:00 AM,8/27/2020 11:00:00 PM,51300,PENELEC,,,ZONE,,20.79,20.136736,-0.038737,-0.614527,True,1
8/28/2020 3:00:00 AM,8/27/2020 11:00:00 PM,51301,PSEG,,,ZONE,,20.79,20.009669,-0.009990,-0.770341,True,1
8/28/2020 3:00:00 AM,8/27/2020 11:00:00 PM,7633629,RECO,,,ZONE,,20.79,20.200592,0.066638,-0.656046,True,1
8/28/2020 3:00:00 AM,8/27/2020 11:00:00 PM,8394954,APS,,,ZONE,,20.79,20.488514,0.008110,-0.309596,True,1
8/28/2020 3:00:00 AM,8/27/2020 11:00:00 PM,8445784,AEP,,,ZONE,,20.79,21.426241,0.266824,0.369417,True,1
8/28/2020 3:00:00 AM,8/27/2020 11:00:00 PM,33092371,COMED,,,ZONE,,20.79,21.341996,0.030000,0.521996,True,1
8/28/2020 3:00:00 AM,8/27/2020 11:00:00 PM,34508503,DAY,,,ZONE,,20.79,22.277249,0.020366,1.466883,True,1
8/28/2020 3:00:00 AM,8/27/2020 11:00:00 PM,34964545,DOM,,,ZONE,,20.79,20.866995,0.001178,0.075817,True,1
8/28/2020 3:00:00 AM,8/27/2020 11:00:00 PM,37737283,DUQ,,,ZONE,,20.79,20.483467,0.020000,-0.326533,True,1
8/28/2020 3:00:00 AM,8/27/2020 11:00:00 PM,116013753,ATSI,,,ZONE,,20.79,21.064821,0.028446,0.246375,True,1
8/28/2020 3:00:00 AM,8/27/2020 11:00:00 PM,124076095,DEOK,,,ZONE,,20.79,21.429164,0.020000,0.619164,True,1
8/28/2020 3:00:00 AM,8/27/2020 11:00:00 PM,970242670,EKPC,,,ZONE,,20.79,21.080012,0.020000,0.270012,True,1
8/28/2020 3:00:00 AM,8/27/2020 11:00:00 PM,1709725933,OVEC,,,ZONE,,20.79,20.740000,0.020000,-0.070000,True,1
