t_formated,v_gen_avail_interp,v_load_shed_interp,,v_gen_avail_interp_shift_30min
2/14/2021 0:00,62813.83347,0,,
2/14/2021 0:10,62751.48756,0,,
2/14/2021 0:20,62979.36268,0,,
2/14/2021 0:30,63147.69729,0,,62813.83347
2/14/2021 0:40,63241.21659,0,,62751.48756
2/14/2021 0:50,63181.988,0,,62979.36268
2/14/2021 1:00,63284.23575,0,,63147.69729
2/14/2021 1:10,63657.06551,0,,63241.21659
2/14/2021 1:20,63596.82379,0,,63181.988
2/14/2021 1:30,63697.59083,0,,63284.23575
2/14/2021 1:40,64143.67724,0,,63657.06551
2/14/2021 1:50,64295.80186,0,,63596.82379
2/14/2021 2:00,64560.7729,0,,63697.59083
2/14/2021 2:10,64477.85279,0,,64143.67724
2/14/2021 2:20,64467.25413,0,,64295.80186
2/14/2021 2:30,64635.58874,0,,64560.7729
2/14/2021 2:40,64479.72371,0,,64477.85279
2/14/2021 2:50,64464.76084,0,,64467.25413
2/14/2021 3:00,64592.45359,0,,64635.58874
2/14/2021 3:10,64555.47475,0,,64479.72371
2/14/2021 3:20,64533.34207,0,,64464.76084
2/14/2021 3:30,64766.51661,0,,64592.45359
2/14/2021 3:40,64714.76954,0,,64555.47475
2/14/2021 3:50,64888.55943,0,,64533.34207
2/14/2021 4:00,64797.37846,0,,64766.51661
2/14/2021 4:10,64871.57048,0,,64714.76954
2/14/2021 4:20,64759.34771,0,,64888.55943
2/14/2021 4:30,64697.31354,0,,64797.37846
2/14/2021 4:40,64740.17666,0,,64871.57048
2/14/2021 4:50,64853.17911,0,,64759.34771
2/14/2021 5:00,64990.02895,0,,64697.31354
2/14/2021 5:10,65035.54177,0,,64740.17666
2/14/2021 5:20,64970.3903,0,,64853.17911
2/14/2021 5:30,65051.51832,0,,64990.02895
2/14/2021 5:40,65158.3641,0,,65035.54177
2/14/2021 5:50,65494.09794,0,,64970.3903
2/14/2021 6:00,65780.26664,0,,65051.51832
2/14/2021 6:10,65784.94278,0,,65158.3641
2/14/2021 6:20,65788.80063,0,,65494.09794
2/14/2021 6:30,66128.15833,0,,65780.26664
2/14/2021 6:40,66361.95632,0,,65784.94278
2/14/2021 6:50,66618.82237,0,,65788.80063
2/14/2021 7:00,66920.26586,0,,66128.15833
2/14/2021 7:10,67228.25569,0,,66361.95632
2/14/2021 7:20,67604.51449,0,,66618.82237
2/14/2021 7:30,68009.76421,0,,66920.26586
2/14/2021 7:40,68255.40796,0,,67228.25569
2/14/2021 7:50,68324.30056,0,,67604.51449
2/14/2021 8:00,68489.51786,0,,68009.76421
2/14/2021 8:10,68604.8583,0,,68255.40796
2/14/2021 8:20,68616.70424,0,,68324.30056
2/14/2021 8:30,68654.11207,0,,68489.51786
2/14/2021 8:40,68635.0967,0,,68604.8583
2/14/2021 8:50,68526.61469,0,,68616.70424
2/14/2021 9:00,68352.04584,0,,68654.11207
2/14/2021 9:10,68294.06417,0,,68635.0967
2/14/2021 9:20,68550.30675,0,,68526.61469
2/14/2021 9:30,68785.97513,0,,68352.04584
2/14/2021 9:40,68909.49848,0,,68294.06417
2/14/2021 9:50,68964.90875,0,,68550.30675
2/14/2021 10:00,68874.81884,0,,68785.97513
2/14/2021 10:10,68815.59024,0,,68909.49848
2/14/2021 10:20,68776.62412,0,,68964.90875
2/14/2021 10:30,68632.60485,0,,68874.81884
2/14/2021 10:40,68537.21553,0,,68815.59024
2/14/2021 10:50,68506.04267,0,,68776.62412
2/14/2021 11:00,68458.65982,0,,68632.60485
2/14/2021 11:10,68606.73195,0,,68537.21553
2/14/2021 11:20,68756.47963,0,,68506.04267
2/14/2021 11:30,68658.7913,0,,68458.65982
2/14/2021 11:40,68487.65148,0,,68606.73195
2/14/2021 11:50,68330.53953,0,,68756.47963
2/14/2021 12:00,68350.17873,0,,68658.7913
2/14/2021 12:10,68530.59289,0,,68487.65148
2/14/2021 12:20,68867.33985,0,,68330.53953
2/14/2021 12:30,69082.43402,0,,68350.17873
2/14/2021 12:40,69300.64549,0,,68530.59289
2/14/2021 12:50,69629.52126,0,,68867.33985
2/14/2021 13:00,69862.73476,0,,69082.43402
2/14/2021 13:10,69952.16261,0,,69300.64549
2/14/2021 13:20,69821.85948,0,,69629.52126
2/14/2021 13:30,69512.62309,0,,69862.73476
2/14/2021 13:40,69316.23311,0,,69952.16261
2/14/2021 13:50,69295.03562,0,,69821.85948
2/14/2021 14:00,69486.43828,0,,69512.62309
2/14/2021 14:10,69729.58818,0,,69316.23311
2/14/2021 14:20,69755.15026,0,,69295.03562
2/14/2021 14:30,69555.64297,0,,69486.43828
2/14/2021 14:40,69355.3174,0,,69729.58818
2/14/2021 14:50,69181.25511,0,,69755.15026
2/14/2021 15:00,69343.35511,0,,69555.64297
2/14/2021 15:10,69623.2892,0,,69355.3174
2/14/2021 15:20,69957.46439,0,,69181.25511
2/14/2021 15:30,70166.79154,0,,69343.35511
2/14/2021 15:40,70173.1822,0,,69623.2892
2/14/2021 15:50,70204.04369,0,,69957.46439
2/14/2021 16:00,70455.29859,0,,70166.79154
2/14/2021 16:10,70543.83021,0,,70173.1822
2/14/2021 16:20,70506.61757,0,,70204.04369
2/14/2021 16:30,70302.86296,0,,70455.29859
2/14/2021 16:40,70223.37189,0,,70543.83021
2/14/2021 16:50,70235.84128,0,,70506.61757
2/14/2021 17:00,70772.32951,0,,70302.86296
2/14/2021 17:10,70959.05621,0,,70223.37189
2/14/2021 17:20,71294.16659,0,,70235.84128
2/14/2021 17:30,71216.5459,0,,70772.32951
2/14/2021 17:40,71025.76707,0,,70959.05621
2/14/2021 17:50,71068.47431,0,,71294.16659
2/14/2021 18:00,71679.11541,0,,71216.5459
2/14/2021 18:10,72317.57845,0,,71025.76707
2/14/2021 18:20,72393.32913,0,,71068.47431
2/14/2021 18:30,72418.26774,0,,71679.11541
2/14/2021 18:40,72173.55955,0,,72317.57845
2/14/2021 18:50,71972.57154,0,,72393.32913
2/14/2021 19:00,71801.04206,0,,72418.26774
2/14/2021 19:10,71740.25481,0,,72173.55955
2/14/2021 19:20,71956.5959,0,,71972.57154
2/14/2021 19:30,71962.83069,0,,71801.04206
2/14/2021 19:40,71813.58994,0,,71740.25481
2/14/2021 19:50,71454.71048,0,,71956.5959
2/14/2021 20:00,71172.59464,0,,71962.83069
2/14/2021 20:10,71112.11912,0,,71813.58994
2/14/2021 20:20,71094.6624,0,,71454.71048
2/14/2021 20:30,70985.55693,0,,71172.59464
2/14/2021 20:40,70972.15271,0,,71112.11912
2/14/2021 20:50,71031.06994,0,,71094.6624
2/14/2021 21:00,70921.96447,0,,70985.55693
2/14/2021 21:10,71015.48378,0,,70972.15271
2/14/2021 21:20,70772.9577,0,,71031.06994
2/14/2021 21:30,70667.593,0,,70921.96447
2/14/2021 21:40,70480.55493,0,,71015.48378
2/14/2021 21:50,70339.34123,0,,70772.9577
2/14/2021 22:00,70049.43213,0,,70667.593
2/14/2021 22:10,69841.19639,0,,70480.55493
2/14/2021 22:20,69352.67605,0,,70339.34123
2/14/2021 22:30,68987.99061,0,,70049.43213
2/14/2021 22:40,68702.75746,0,,69841.19639
2/14/2021 22:50,68422.20027,0,,69352.67605
2/14/2021 23:00,68436.22832,0,,68987.99061
2/14/2021 23:10,68004.63774,0,,68702.75746
2/14/2021 23:20,67835.8359,0,,68422.20027
2/14/2021 23:30,67457.08363,0,,68436.22832
2/14/2021 23:40,67161.56338,0,,68004.63774
2/14/2021 23:50,66385.04309,0,,67835.8359
2/15/2021 0:00,66164.41607,0,,67457.08363
2/15/2021 0:10,66371.95078,0,,67161.56338
2/15/2021 0:20,66152.18102,0,,66385.04309
2/15/2021 0:30,66117.89085,0,,66164.41607
2/15/2021 0:40,65941.76335,0,,66371.95078
2/15/2021 0:50,65619.90188,0,,66152.18102
2/15/2021 1:00,65485.70212,12.98586353,,66117.89085
2/15/2021 1:10,64663.66919,360.8542676,,65941.76335
2/15/2021 1:20,64149.31419,494.898528,,65619.90188
2/15/2021 1:30,63751.85809,824.7094894,,65485.70212
2/15/2021 1:40,62725.09622,2470.061771,,64663.66919
2/15/2021 1:50,61382.7073,5084.505981,,64149.31419
2/15/2021 2:00,60071.88108,7296.233461,,63751.85809
2/15/2021 2:10,58304.36981,9827.484617,,62725.09622
2/15/2021 2:20,56871.657,9936.278714,,61382.7073
2/15/2021 2:30,56553.92595,9129.442647,,60071.88108
2/15/2021 2:40,56577.69558,8946.535008,,58304.36981
2/15/2021 2:50,56489.47605,8950.587685,,56871.657
2/15/2021 3:00,56443.34013,8950.587867,,56553.92595
2/15/2021 3:10,56405.93267,8950.588049,,56577.69558
2/15/2021 3:20,56424.75357,8950.58823,,56489.47605
2/15/2021 3:30,56303.99718,8950.588412,,56443.34013
2/15/2021 3:40,56302.43871,8950.588594,,56405.93267
2/15/2021 3:50,56178.99365,8950.588775,,56424.75357
2/15/2021 4:00,55827.05019,8950.588957,,56303.99718
2/15/2021 4:10,55527.16572,8950.589139,,56302.43871
2/15/2021 4:20,55357.58455,8950.589321,,56178.99365
2/15/2021 4:30,55032.13818,9310.638132,,55827.05019
2/15/2021 4:40,54611.3023,9786.338928,,55527.16572
2/15/2021 4:50,54287.10285,10425.69819,,55357.58455
2/15/2021 5:00,53803.53122,11218.07812,,55032.13818
2/15/2021 5:10,53507.15371,11849.37136,,54611.3023
2/15/2021 5:20,53301.41182,12611.24068,,54287.10285
2/15/2021 5:30,52718.47613,13253.40552,,53803.53122
2/15/2021 5:40,52484.05503,13494.99677,,53507.15371
2/15/2021 5:50,52772.79551,13529.2873,,53301.41182
2/15/2021 6:00,53046.7288,13529.28748,,52718.47613
2/15/2021 6:10,53023.3492,13529.28766,,52484.05503
2/15/2021 6:20,52548.27223,13738.77068,,52772.79551
2/15/2021 6:30,52107.79733,13978.17982,,53046.7288
2/15/2021 6:40,52080.56007,14304.99038,,53023.3492
2/15/2021 6:50,52154.86899,14530.87822,,52548.27223
2/15/2021 7:00,52119.95536,14530.8784,,52107.79733
2/15/2021 7:10,52204.12276,14530.87858,,52080.56007
2/15/2021 7:20,52266.46902,14538.67202,,52154.86899
2/15/2021 7:30,52146.14126,14562.67544,,52119.95536
2/15/2021 7:40,51936.65861,14846.03857,,52204.12276
2/15/2021 7:50,51585.96207,15578.60523,,52266.46902
2/15/2021 8:00,51157.64466,16289.97422,,52146.14126
2/15/2021 8:10,50929.14645,16534.05932,,51936.65861
2/15/2021 8:20,50967.02188,16534.0595,,51585.96207
2/15/2021 8:30,50836.87461,16534.05968,,51157.64466
2/15/2021 8:40,50644.53712,16534.05986,,50929.14645
2/15/2021 8:50,50670.0992,16534.06005,,50967.02188
2/15/2021 9:00,50741.48565,16534.06023,,50836.87461
2/15/2021 9:10,50845.13619,16534.06041,,50644.53712
2/15/2021 9:20,50985.88266,16534.06059,,50670.0992
2/15/2021 9:30,51173.54455,16534.06077,,50741.48565
2/15/2021 9:40,51263.94655,16534.06095,,50845.13619
2/15/2021 9:50,51110.8871,16534.06114,,50985.88266
2/15/2021 10:00,51104.80854,16534.06132,,51173.54455
2/15/2021 10:10,51181.962,16534.0615,,51263.94655
2/15/2021 10:20,51103.71784,16534.06168,,51110.8871
2/15/2021 10:30,50868.67329,16534.06186,,51104.80854
2/15/2021 10:40,50895.48229,16534.06205,,51181.962
2/15/2021 10:50,50932.57839,16534.06223,,51103.71784
2/15/2021 11:00,50903.27591,16534.06241,,50868.67329
2/15/2021 11:10,50964.37526,16534.06259,,50895.48229
2/15/2021 11:20,50837.18943,16534.06277,,50932.57839
2/15/2021 11:30,50689.11766,16534.06295,,50903.27591
2/15/2021 11:40,50783.53319,16534.06314,,50964.37526
2/15/2021 11:50,50710.00396,16534.06332,,50837.18943
2/15/2021 12:00,50435.68138,16534.0635,,50689.11766
2/15/2021 12:10,50108.98809,16534.06368,,50783.53319
2/15/2021 12:20,49853.68106,16534.06386,,50710.00396
2/15/2021 12:30,50055.52668,16534.06404,,50435.68138
2/15/2021 12:40,50335.61664,16472.96506,,50108.98809
2/15/2021 12:50,50472.15475,16270.96394,,49853.68106
2/15/2021 13:00,50294.46859,16111.35815,,50055.52668
2/15/2021 13:10,50042.90233,15977.62598,,50335.61664
2/15/2021 13:20,49974.71148,15865.01355,,50472.15475
2/15/2021 13:30,49984.92083,15324.86285,,50294.46859
2/15/2021 13:40,49915.71686,14963.56748,,50042.90233
2/15/2021 13:50,49853.37096,14972.91958,,49974.71148
2/15/2021 14:00,49811.911,14960.13881,,49984.92083
2/15/2021 14:10,49316.25982,14960.13899,,49915.71686
2/15/2021 14:20,48998.29498,14960.13918,,49853.37096
2/15/2021 14:30,49009.51745,14960.13936,,49811.911
2/15/2021 14:40,49054.40682,14877.84271,,49316.25982
2/15/2021 14:50,48935.63771,14367.85193,,48998.29498
2/15/2021 15:00,48396.14944,13946.62639,,49009.51745
2/15/2021 15:10,47986.41896,13971.95467,,49054.40682
2/15/2021 15:20,47540.95638,13958.55044,,48935.63771
2/15/2021 15:30,47781.61244,13958.55062,,48396.14944
2/15/2021 15:40,47826.81353,13958.5508,,47986.41896
2/15/2021 15:50,47714.51283,13958.55099,,47540.95638
2/15/2021 16:00,47588.96359,13958.55117,,47781.61244
2/15/2021 16:10,47634.16468,13958.55135,,47826.81353
2/15/2021 16:20,47651.62176,13958.55153,,47714.51283
2/15/2021 16:30,47510.40807,13958.55171,,47588.96359
2/15/2021 16:40,47358.12794,13958.55189,,47634.16468
2/15/2021 16:50,47298.43175,13958.55208,,47651.62176
2/15/2021 17:00,47302.79616,13957.61707,,47510.40807
2/15/2021 17:10,47124.48654,13982.55568,,47358.12794
2/15/2021 17:20,46781.58326,14998.48529,,47298.43175
2/15/2021 17:30,46438.67999,16915.62752,,47302.79616
2/15/2021 17:40,46211.11697,17964.91229,,47124.48654
2/15/2021 17:50,46085.80152,17964.60074,,46781.58326
2/15/2021 18:00,45929.9365,17949.0144,,46438.67999
2/15/2021 18:10,46007.86928,17964.6011,,46211.11697
2/15/2021 18:20,46070.52728,17980.1878,,46085.80152
2/15/2021 18:30,45929.93704,18505.45373,,45929.9365
2/15/2021 18:40,45914.3507,18957.46302,,46007.86928
2/15/2021 18:50,45990.41311,19378.92272,,46070.52728
2/15/2021 19:00,45978.56753,19859.6112,,45929.93704
2/15/2021 19:10,45977.63252,19976.51029,,45914.3507
2/15/2021 19:20,45810.03864,19968.75618,,45990.41311
2/15/2021 19:30,45847.6413,19968.09393,,45978.56753
2/15/2021 19:40,45982.30902,19968.09412,,45977.63252
2/15/2021 19:50,46438.05907,19968.0943,,45810.03864
2/15/2021 20:00,46444.29386,19968.09448,,45847.6413
2/15/2021 20:10,46482.40309,19968.09466,,45982.30902
2/15/2021 20:20,46758.83022,19968.09484,,46438.05907
2/15/2021 20:30,46914.6956,19954.06716,,46444.29386
2/15/2021 20:40,47000.10992,19472.13212,,46482.40309
2/15/2021 20:50,46984.21185,19114.26578,,46758.83022
2/15/2021 21:00,46979.22435,18964.51846,,46914.6956
2/15/2021 21:10,46828.34701,18964.32381,,47000.10992
2/15/2021 21:20,46630.08664,18966.50611,,46984.21185
2/15/2021 21:30,46204.88654,18966.50629,,46979.22435
2/15/2021 21:40,45916.22436,18966.50647,,46828.34701
2/15/2021 21:50,45813.3535,18966.50665,,46630.08664
2/15/2021 22:00,45881.31091,18966.50684,,46204.88654
2/15/2021 22:10,45962.04927,18966.50702,,45916.22436
2/15/2021 22:20,45952.69754,18966.5072,,45813.3535
2/15/2021 22:30,45921.52468,18966.50738,,45881.31091
2/15/2021 22:40,46027.31837,18966.50756,,45962.04927
2/15/2021 22:50,45969.84326,18966.50774,,45952.69754
2/15/2021 23:00,45836.42282,18966.50793,,45921.52468
2/15/2021 23:10,45838.29339,18966.50811,,46027.31837
2/15/2021 23:20,45861.98508,18966.50829,,45969.84326
2/15/2021 23:30,45914.04424,18966.50847,,45836.42282
2/15/2021 23:40,45918.09692,18966.50865,,45838.29339
2/15/2021 23:50,45971.71473,18816.5665,,45861.98508
2/16/2021 0:00,46072.09211,18636.38651,,45914.04424
2/16/2021 0:10,46377.5881,18443.11383,,45918.09692
2/16/2021 0:20,46558.58675,18299.44526,,45971.71473
2/16/2021 0:30,46581.77188,18222.09733,,46072.09211
2/16/2021 0:40,46527.21924,18039.73522,,46377.5881
2/16/2021 0:50,46502.28099,17964.9201,,46558.58675
2/16/2021 1:00,46594.86511,17964.92028,,46581.77188
2/16/2021 1:10,46772.55162,17964.92046,,46527.21924
2/16/2021 1:20,46857.34248,17964.92065,,46502.28099
2/16/2021 1:30,46981.09964,17964.92083,,46594.86511
2/16/2021 1:40,47102.67468,17964.92101,,46772.55162
2/16/2021 1:50,47186.53034,17964.92119,,46857.34248
2/16/2021 2:00,47177.95794,17756.25683,,46981.09964
2/16/2021 2:10,47124.18462,17481.42768,,47102.67468
2/16/2021 2:20,47183.72531,17392.58469,,47186.53034
2/16/2021 2:30,47392.58487,17401.93679,,47177.95794
2/16/2021 2:40,47711.797,17345.20203,,47124.18462
2/16/2021 2:50,47888.08073,17167.36001,,47183.72531
2/16/2021 3:00,48013.55241,17009.15701,,47392.58487
2/16/2021 3:10,48128.26938,16963.33282,,47711.797
2/16/2021 3:20,48120.78803,16963.333,,47888.08073
2/16/2021 3:30,47932.19131,16963.33318,,48013.55241
2/16/2021 3:40,47600.58827,16963.33336,,48128.26938
2/16/2021 3:50,47396.63882,16963.33355,,48120.78803
2/16/2021 4:00,47251.37263,16963.33373,,47932.19131
2/16/2021 4:10,47105.48298,16963.33391,,47600.58827
2/16/2021 4:20,47066.51686,16963.33409,,47396.63882
2/16/2021 4:30,47098.46941,16963.33427,,47251.37263
2/16/2021 4:40,47081.79201,16963.33445,,47105.48298
2/16/2021 4:50,47050.61915,16963.33464,,47066.51686
2/16/2021 5:00,47073.68739,16963.33482,,47098.46941
2/16/2021 5:10,47104.86061,17235.78738,,47081.79201
2/16/2021 5:20,47260.76496,17880.79676,,47050.61915
2/16/2021 5:30,47491.71842,18318.42748,,47073.68739
2/16/2021 5:40,47718.03488,18394.17815,,47104.86061
2/16/2021 5:50,47942.48096,18394.17833,,47260.76496
2/16/2021 6:00,48081.82464,18394.17852,,47491.71842
2/16/2021 6:10,48117.28416,18394.1787,,47718.03488
2/16/2021 6:20,48003.58067,18394.17888,,47942.48096
2/16/2021 6:30,47979.88934,18394.17906,,48081.82464
2/16/2021 6:40,47901.95692,18400.41385,,48117.28416
2/16/2021 6:50,47906.94478,18404.1548,,48003.58067
2/16/2021 7:00,48163.65496,18495.53096,,47979.88934
2/16/2021 7:10,48541.62827,18782.90762,,47901.95692
2/16/2021 7:20,48684.40099,18966.51701,,47906.94478
2/16/2021 7:30,48563.44977,18966.51719,,48163.65496
2/16/2021 7:40,48256.39549,18966.51738,,48541.62827
2/16/2021 7:50,47911.93356,19030.11056,,48684.40099
2/16/2021 8:00,47688.11131,19196.57479,,48563.44977
2/16/2021 8:10,47689.35841,19310.98003,,48256.39549
2/16/2021 8:20,47843.97688,19395.77089,,47911.93356
2/16/2021 8:30,48020.10474,19395.77107,,47688.11131
2/16/2021 8:40,48108.67533,19395.77125,,47689.35841
2/16/2021 8:50,48152.59053,19395.77143,,47843.97688
2/16/2021 9:00,48076.21676,19395.77161,,48020.10474
2/16/2021 9:10,48093.67385,19395.77179,,48108.67533
2/16/2021 9:20,48127.65265,19395.77198,,48152.59053
2/16/2021 9:30,48092.11556,19395.77216,,48076.21676
2/16/2021 9:40,48013.55968,19395.77234,,48093.67385
2/16/2021 9:50,47834.31487,19395.77252,,48127.65265
2/16/2021 10:00,47939.67993,19399.51347,,48092.11556
2/16/2021 10:10,48053.77345,19360.23562,,48013.55968
2/16/2021 10:20,48223.27704,19130.13979,,47834.31487
2/16/2021 10:30,48310.01621,18966.52047,,47939.67993
2/16/2021 10:40,48370.49209,18918.51416,,48053.77345
2/16/2021 10:50,48445.30757,18715.88957,,48223.27704
2/16/2021 11:00,48340.87807,18561.5832,,48310.01621
2/16/2021 11:10,48110.66534,18298.79464,,48370.49209
2/16/2021 11:20,48247.04758,17801.58481,,48445.30757
2/16/2021 11:30,48392.31413,17389.78911,,48340.87807
2/16/2021 11:40,48235.20218,17361.73356,,48110.66534
2/16/2021 11:50,48254.84138,17266.0325,,48247.04758
2/16/2021 12:00,48376.29953,17144.18506,,48392.31413
2/16/2021 12:10,48312.51187,16963.34263,,48235.20218
2/16/2021 12:20,48009.51009,16963.34281,,48254.84138
2/16/2021 12:30,47730.19982,16963.343,,48376.29953
2/16/2021 12:40,47254.81112,16963.34318,,48312.51187
2/16/2021 12:50,47029.58607,16963.34336,,48009.51009
2/16/2021 13:00,47278.50299,16965.21392,,47730.19982
2/16/2021 13:10,47714.92575,16952.74489,,47254.81112
2/16/2021 13:20,48682.53715,16679.04577,,47029.58607
2/16/2021 13:30,49294.77586,16320.8677,,47278.50299
2/16/2021 13:40,49716.39143,16205.52763,,47714.92575
2/16/2021 13:50,49792.29797,15923.10005,,48682.53715
2/16/2021 14:00,49969.0493,15438.9829,,49294.77586
2/16/2021 14:10,49967.80256,14960.16516,,49716.39143
2/16/2021 14:20,49565.04704,14960.16534,,49792.29797
2/16/2021 14:30,49284.48985,14960.16553,,49969.0493
2/16/2021 14:40,48926.62352,14960.16571,,49967.80256
2/16/2021 14:50,48724.62239,14960.16589,,49565.04704
2/16/2021 15:00,48553.17084,14960.16607,,49284.48985
2/16/2021 15:10,48646.69015,14960.16625,,48926.62352
2/16/2021 15:20,48709.65987,14960.16644,,48724.62239
2/16/2021 15:30,48728.05215,14960.16662,,48553.17084
2/16/2021 15:40,48572.18712,14960.1668,,48646.69015
2/16/2021 15:50,48171.92545,14960.16698,,48709.65987
2/16/2021 16:00,48245.49401,14960.16716,,48728.05215
2/16/2021 16:10,48148.54603,14960.16734,,48572.18712
2/16/2021 16:20,48078.87447,14960.16753,,48171.92545
2/16/2021 16:30,48076.22494,14960.16771,,48245.49401
2/16/2021 16:40,48076.22512,14960.16789,,48148.54603
2/16/2021 16:50,48233.96089,14960.16807,,48078.87447
2/16/2021 17:00,48335.27346,14960.16825,,48076.22494
2/16/2021 17:10,48244.48216,14960.16843,,48076.22512
2/16/2021 17:20,48149.17077,14960.16862,,48233.96089
2/16/2021 17:30,47873.28953,15310.86552,,48335.27346
2/16/2021 17:40,47590.86196,15481.0705,,48244.48216
2/16/2021 17:50,47390.73121,15889.43753,,48149.17077
2/16/2021 18:00,47360.80527,16351.26632,,47873.28953
2/16/2021 18:10,47360.80545,16448.0588,,47590.86196
2/16/2021 18:20,47427.82768,16883.54637,,47390.73121
2/16/2021 18:30,47531.94582,16963.34954,,47360.80527
2/16/2021 18:40,47794.42301,16963.34972,,47360.80545
2/16/2021 18:50,47813.90634,16963.3499,,47427.82768
2/16/2021 19:00,47976.1622,16963.35008,,47531.94582
2/16/2021 19:10,48114.88242,16963.35027,,47794.42301
2/16/2021 19:20,48202.16712,16963.35045,,47813.90634
2/16/2021 19:30,48267.94242,16963.35063,,47976.1622
2/16/2021 19:40,48245.14731,16963.35081,,48114.88242
2/16/2021 19:50,48110.51892,16963.35099,,48202.16712
2/16/2021 20:00,47845.23652,16963.35117,,48267.94242
2/16/2021 20:10,47537.24705,16963.35136,,48245.14731
2/16/2021 20:20,47444.6633,16963.35154,,48110.51892
2/16/2021 20:30,47380.68081,16963.35172,,47845.23652
2/16/2021 20:40,47372.65394,16963.3519,,47537.24705
2/16/2021 20:50,47411.30869,16963.35208,,47444.6633
2/16/2021 21:00,47312.1786,16963.35226,,47380.68081
2/16/2021 21:10,47330.88261,16963.35245,,47372.65394
2/16/2021 21:20,47619.81792,16963.35263,,47411.30869
2/16/2021 21:30,47569.35674,16963.35281,,47312.1786
2/16/2021 21:40,47209.30829,16963.35299,,47330.88261
2/16/2021 21:50,47212.42578,16963.35317,,47619.81792
2/16/2021 22:00,47281.31838,16963.35335,,47569.35674
2/16/2021 22:10,46963.35354,16867.96403,,47209.30829
2/16/2021 22:20,47005.74905,16629.49044,,47212.42578
2/16/2021 22:30,47281.31892,16534.10112,,47281.31838
2/16/2021 22:40,47187.17652,16534.1013,,46963.35354
2/16/2021 22:50,46949.01466,16534.10148,,47005.74905
2/16/2021 23:00,46997.13823,16534.10166,,47281.31892
2/16/2021 23:10,47244.22373,16384.47125,,47187.17652
2/16/2021 23:20,47518.85841,16237.6464,,46949.01466
2/16/2021 23:30,47593.67389,16059.96025,,46997.13823
2/16/2021 23:40,47296.28326,15961.76535,,47244.22373
2/16/2021 23:50,46803.04799,15869.02573,,47518.85841
2/17/2021 0:00,46578.99193,15709.26407,,47593.67389
2/17/2021 0:10,46556.85926,15580.51959,,47296.28326
2/17/2021 0:20,46488.90221,15366.67271,,46803.04799
2/17/2021 0:30,46396.63019,15205.19654,,46578.99193
2/17/2021 0:40,46453.9498,15070.80194,,46556.85926
2/17/2021 0:50,46743.5865,14967.34659,,46488.90221
2/17/2021 1:00,46924.07859,14960.17698,,46396.63019
2/17/2021 1:10,46899.14034,14741.34241,,46453.9498
2/17/2021 1:20,46992.65965,14460.78521,,46743.5865
2/17/2021 1:30,47138.23793,14173.21409,,46924.07859
2/17/2021 1:40,47146.03138,13966.69287,,46899.14034
2/17/2021 1:50,47091.47874,13966.69305,,46992.65965
2/17/2021 2:00,47020.40438,13958.58824,,47138.23793
2/17/2021 2:10,47031.0034,13958.58842,,47146.03138
2/17/2021 2:20,47103.79263,13863.86152,,47091.47874
2/17/2021 2:30,47108.3129,13647.1701,,47020.40438
2/17/2021 2:40,47031.6274,13529.33619,,47031.0034
2/17/2021 2:50,46938.10846,13529.33637,,47103.79263
2/17/2021 3:00,46890.41389,13529.33655,,47108.3129
2/17/2021 3:10,46860.02036,13529.33673,,47031.6274
2/17/2021 3:20,46770.08631,13529.33691,,46938.10846
2/17/2021 3:30,46692.15389,13529.33709,,46890.41389
2/17/2021 3:40,46651.62912,13529.33728,,46860.02036
2/17/2021 3:50,46684.98445,13529.33746,,46770.08631
2/17/2021 4:00,46563.91634,13529.33764,,46692.15389
2/17/2021 4:10,46239.52205,13529.33782,,46651.62912
2/17/2021 4:20,45992.63175,13529.338,,46684.98445
2/17/2021 4:30,45667.18537,13529.33818,,46563.91634
2/17/2021 4:40,45537.81743,13529.33837,,46239.52205
2/17/2021 4:50,45421.23044,13529.33855,,45992.63175
2/17/2021 5:00,45221.0997,13529.33873,,45667.18537
2/17/2021 5:10,45092.66695,13529.33891,,45537.81743
2/17/2021 5:20,45093.29059,13529.33909,,45421.23044
2/17/2021 5:30,45052.76582,13529.33928,,45221.0997
2/17/2021 5:40,45026.42478,13529.33946,,45092.66695
2/17/2021 5:50,45031.56851,13529.33964,,45093.29059
2/17/2021 6:00,44902.20057,13529.33982,,45052.76582
2/17/2021 6:10,44801.2001,13529.34,,45026.42478
2/17/2021 6:20,44833.62024,13529.34018,,45031.56851
2/17/2021 6:30,44948.25928,13529.34037,,44902.20057
2/17/2021 6:40,45038.42749,13529.34055,,44801.2001
2/17/2021 6:50,45102.95587,13529.34073,,44833.62024
2/17/2021 7:00,45107.94374,13529.34091,,44948.25928
2/17/2021 7:10,45309.01003,13529.34109,,45038.42749
2/17/2021 7:20,45421.23317,13529.34127,,45102.95587
2/17/2021 7:30,45413.75182,13563.00834,,45107.94374
2/17/2021 7:40,45386.00799,13710.14528,,45309.01003
2/17/2021 7:50,45439.00235,13869.12797,,45421.23317
2/17/2021 8:00,45729.847,13958.59478,,45413.75182
2/17/2021 8:10,45898.18161,13961.24467,,45386.00799
2/17/2021 8:20,46203.6776,13971.37609,,45439.00235
2/17/2021 8:30,46163.77629,13958.59533,,45729.847
2/17/2021 8:40,46280.98711,13958.59551,,45898.18161
2/17/2021 8:50,46657.86936,13958.59569,,46203.6776
2/17/2021 9:00,46854.06487,13958.59587,,46163.77629
2/17/2021 9:10,46996.72069,13958.59606,,46280.98711
2/17/2021 9:20,47162.56145,13958.59624,,46657.86936
2/17/2021 9:30,47609.58305,13958.59642,,46854.06487
2/17/2021 9:40,47595.55536,13958.5966,,46996.72069
2/17/2021 9:50,47872.21628,13940.04882,,47162.56145
2/17/2021 10:00,48109.91091,13709.83609,,47609.58305
2/17/2021 10:10,48377.99925,13515.00476,,47595.55536
2/17/2021 10:20,48517.65465,13529.34455,,47872.21628
2/17/2021 10:30,48477.44161,13516.25205,,48109.91091
2/17/2021 10:40,48547.89287,13292.85842,,48377.99925
2/17/2021 10:50,48830.32081,12970.41246,,48517.65465
2/17/2021 11:00,49300.41046,12942.04517,,48477.44161
2/17/2021 11:10,49582.21493,12956.38495,,48547.89287
2/17/2021 11:20,50261.47569,12941.7338,,48830.32081
2/17/2021 11:30,50619.96585,12972.90703,,49300.41046
2/17/2021 11:40,50840.67117,12446.39454,,49582.21493
2/17/2021 11:50,50808.25138,12391.84189,,50261.47569
2/17/2021 12:00,51478.47196,11955.41949,,50619.96585
2/17/2021 12:10,51759.02951,11971.0062,,50840.67117
2/17/2021 12:20,52039.58707,11497.79961,,50808.25138
2/17/2021 12:30,52305.18157,10953.83021,,51478.47196
2/17/2021 12:40,52383.11435,10953.8304,,51759.02951
2/17/2021 12:50,52567.97067,10953.83058,,52039.58707
2/17/2021 13:00,52784.93522,10460.04978,,52305.18157
2/17/2021 13:10,52724.77143,10385.23466,,52383.11435
2/17/2021 13:20,52794.71613,9985.362655,,52567.97067
2/17/2021 13:30,52798.02844,9953.176671,,52784.93522
2/17/2021 13:40,52636.864,9952.241662,,52724.77143
2/17/2021 13:50,52436.73326,9952.241844,,52794.71613
2/17/2021 14:00,52065.77424,9952.242025,,52798.02844
2/17/2021 14:10,52339.62959,9471.320108,,52636.864
2/17/2021 14:20,52885.00214,9398.920901,,52436.73326
2/17/2021 14:30,52772.77937,9003.023455,,52065.77424
2/17/2021 14:40,52969.79317,8950.652927,,52339.62959
2/17/2021 14:50,53313.00854,8950.653109,,52885.00214
2/17/2021 15:00,53606.85361,8950.653291,,52772.77937
2/17/2021 15:10,53626.92144,8950.653472,,52969.79317
2/17/2021 15:20,53303.03372,8950.653654,,53313.00854
2/17/2021 15:30,53099.16221,8950.653836,,53606.85361
2/17/2021 15:40,53132.20581,8950.654017,,53626.92144
2/17/2021 15:50,53041.80417,8950.654199,,53303.03372
2/17/2021 16:00,52902.77259,8950.654381,,53099.16221
2/17/2021 16:10,53184.26534,8950.654563,,53132.20581
2/17/2021 16:20,53196.73473,8601.516679,,53041.80417
2/17/2021 16:30,53143.11728,8396.086517,,52902.77259
2/17/2021 16:40,52641.03667,8035.18081,,53184.26534
2/17/2021 16:50,52461.98669,7961.534681,,53196.73473
2/17/2021 17:00,52606.31805,7563.766853,,53143.11728
2/17/2021 17:10,52453.57033,7073.10336,,52641.03667
2/17/2021 17:20,52419.28017,6935.942159,,52461.98669
2/17/2021 17:30,52587.38098,6526.17271,,52606.31805
2/17/2021 17:40,52556.13018,6059.356594,,52453.57033
2/17/2021 17:50,52596.96705,5945.886905,,52419.28017
2/17/2021 18:00,52780.26472,5945.887086,,52587.38098
2/17/2021 18:10,52802.08603,5945.887268,,52556.13018
2/17/2021 18:20,52737.09042,5945.88745,,52596.96705
2/17/2021 18:30,52830.76559,5945.887632,,52780.26472
2/17/2021 18:40,53063.00493,5945.887813,,52802.08603
2/17/2021 18:50,53370.3713,5945.887995,,52737.09042
2/17/2021 19:00,53368.5011,5945.888177,,52830.76559
2/17/2021 19:10,53084.20314,5945.888358,,53063.00493
2/17/2021 19:20,53004.71207,5945.88854,,53370.3713
2/17/2021 19:30,53236.63968,5647.562714,,53368.5011
2/17/2021 19:40,53444.25232,5405.036633,,53084.20314
2/17/2021 19:50,53507.22204,5106.399076,,53004.71207
2/17/2021 20:00,53622.75731,4944.299442,,53236.63968
2/17/2021 20:10,53847.94375,4635.063052,,53444.25232
2/17/2021 20:20,53952.37362,4132.553803,,53507.22204
2/17/2021 20:30,53958.60841,3936.163823,,53622.75731
2/17/2021 20:40,53958.6086,3942.710344,,53847.94375
2/17/2021 20:50,53986.43072,3942.710526,,53952.37362
2/17/2021 21:00,54137.23049,3680.857158,,53958.60841
2/17/2021 21:10,54156.55795,3416.198217,,53958.6086
2/17/2021 21:20,54136.60739,3127.536034,,53986.43072
2/17/2021 21:30,54106.36972,2941.121427,,54137.23049
2/17/2021 21:40,54062.61075,2941.121609,,54156.55795
2/17/2021 21:50,54122.26834,2941.121791,,54136.60739
2/17/2021 22:00,54123.20371,2941.121973,,54106.36972
2/17/2021 22:10,54085.79624,2941.122154,,54062.61075
2/17/2021 22:20,54116.96946,2941.122336,,54122.26834
2/17/2021 22:30,54260.67737,2941.122518,,54123.20371
2/17/2021 22:40,54412.49026,2665.553012,,54085.79624
2/17/2021 22:50,54467.04327,2174.577789,,54116.96946
2/17/2021 23:00,54468.29037,1939.533238,,54260.67737
2/17/2021 23:10,54451.45711,1745.948832,,54412.49026
2/17/2021 23:20,54371.30361,1444.700533,,54467.04327
2/17/2021 23:30,54186.79835,1165.195431,,54468.29037
2/17/2021 23:40,53928.06229,952.2837388,,54451.45711
2/17/2021 23:50,53873.19791,763.9987495,,54371.30361
2/18/2021 0:00,54067.09441,289.8784667,,54186.79835
2/18/2021 0:10,54112.29551,0,,53928.06229
2/18/2021 0:20,54176.82388,0,,53873.19791
2/18/2021 0:30,54330.81889,0,,54067.09441
2/18/2021 0:40,54561.49958,0,,54112.29551
2/18/2021 0:50,54675.90482,0,,54176.82388
2/18/2021 1:00,54664.09822,0,,54330.81889
2/18/2021 1:10,54569.60512,0,,54561.49958
2/18/2021 1:20,54501.33634,0,,54675.90482
2/18/2021 1:30,54518.79342,0,,54664.09822
2/18/2021 1:40,54626.3406,0,,54569.60512
2/18/2021 1:50,54642.23903,0,,54501.33634
2/18/2021 2:00,54962.07462,0,,54518.79342
2/18/2021 2:10,55373.55895,0,,54626.3406
2/18/2021 2:20,55443.38674,0,,54642.23903
2/18/2021 2:30,55713.03373,0,,54962.07462
2/18/2021 2:40,55993.59129,0,,55373.55895
2/18/2021 2:50,56023.51759,0,,55443.38674
2/18/2021 3:00,56088.98116,0,,55713.03373
2/18/2021 3:10,56084.61712,0,,55993.59129
2/18/2021 3:20,56077.13577,0,,56023.51759
2/18/2021 3:30,56049.23608,0,,56088.98116
2/18/2021 3:40,55877.62867,0,,56084.61712
2/18/2021 3:50,55739.22054,0,,56077.13577
2/18/2021 4:00,55780.36914,0,,56049.23608
2/18/2021 4:10,55948.39202,0,,55877.62867
2/18/2021 4:20,56106.20572,0,,55739.22054
2/18/2021 4:30,56280.697,0,,55780.36914
2/18/2021 4:40,56428.4574,0,,55948.39202
2/18/2021 4:50,56359.87689,0,,56106.20572
2/18/2021 5:00,56234.87318,0,,56280.697
2/18/2021 5:10,56282.41225,0,,56428.4574
2/18/2021 5:20,56476.46461,0,,56359.87689
2/18/2021 5:30,56610.8206,0,,56234.87318
2/18/2021 5:40,56852.72359,0,,56282.41225
2/18/2021 5:50,57007.34205,0,,56476.46461
2/18/2021 6:00,56840.1768,0,,56610.8206
2/18/2021 6:10,56521.66643,0,,56852.72359
2/18/2021 6:20,56472.10148,0,,57007.34205
2/18/2021 6:30,56581.83076,0,,56840.1768
2/18/2021 6:40,56577.15499,0,,56521.66643
2/18/2021 6:50,56542.0855,0,,56472.10148
2/18/2021 7:00,56657.5818,0,,56581.83076
2/18/2021 7:10,56908.52497,0,,56577.15499
2/18/2021 7:20,57295.07086,0,,56542.0855
2/18/2021 7:30,57447.81895,0,,56657.5818
2/18/2021 7:40,57309.83946,0,,56908.52497
2/18/2021 7:50,57233.66052,0,,57295.07086
2/18/2021 8:00,57246.75338,0,,57447.81895
2/18/2021 8:10,57464.34139,0,,57309.83946
2/18/2021 8:20,57668.21326,0,,57233.66052
2/18/2021 8:30,57933.1843,0,,57246.75338
2/18/2021 8:40,58163.86499,0,,57464.34139
2/18/2021 8:50,58359.9436,0,,57668.21326
2/18/2021 9:00,58235.25161,0,,57933.1843
2/18/2021 9:10,58297.59788,0,,58163.86499
2/18/2021 9:20,58482.14247,0,,58359.9436
2/18/2021 9:30,58934.77521,0,,58235.25161
2/18/2021 9:40,59168.57321,0,,58297.59788
2/18/2021 9:50,59142.69976,0,,58482.14247
2/18/2021 10:00,59231.23138,0,,58934.77521
2/18/2021 10:10,59310.09936,0,,59168.57321
2/18/2021 10:20,59636.28645,0,,59142.69976
2/18/2021 10:30,59844.71739,0,,59231.23138
2/18/2021 10:40,59944.78303,0,,59310.09936
2/18/2021 10:50,60081.32113,0,,59636.28645
2/18/2021 11:00,60095.34918,0,,59844.71739
2/18/2021 11:10,60328.52372,0,,59944.78303
2/18/2021 11:20,60679.53235,0,,60081.32113
2/18/2021 11:30,61094.13398,0,,60095.34918
2/18/2021 11:40,61473.82181,0,,60328.52372
2/18/2021 11:50,61687.04559,0,,60679.53235
2/18/2021 12:00,62384.69845,0,,61094.13398
2/18/2021 12:10,62877.85615,0,,61473.82181
2/18/2021 12:20,63356.67425,0,,61687.04559
2/18/2021 12:30,63499.44696,0,,62384.69845
2/18/2021 12:40,63411.22743,0,,62877.85615
2/18/2021 12:50,63492.27752,0,,63356.67425
2/18/2021 13:00,63605.12411,0,,63499.44696
2/18/2021 13:10,63599.20142,0,,63411.22743
2/18/2021 13:20,63331.11344,0,,63492.27752
2/18/2021 13:30,63380.67876,0,,63605.12411
2/18/2021 13:40,63682.39502,0,,63599.20142
2/18/2021 13:50,63864.173,0,,63331.11344
2/18/2021 14:00,64101.71176,0,,63380.67876
2/18/2021 14:10,63857.31529,0,,63682.39502
2/18/2021 14:20,63740.41657,0,,63864.173
2/18/2021 14:30,64093.76318,0,,64101.71176
2/18/2021 14:40,64497.29838,0,,63857.31529
2/18/2021 14:50,64536.88832,0,,63740.41657
2/18/2021 15:00,64571.17885,0,,64093.76318
2/18/2021 15:10,64550.91656,0,,64497.29838
2/18/2021 15:20,64260.69572,0,,64536.88832
2/18/2021 15:30,64115.74126,0,,64571.17885
2/18/2021 15:40,64287.19317,0,,64550.91656
2/18/2021 15:50,64753.54205,0,,64260.69572
2/18/2021 16:00,65098.62781,0,,64115.74126
2/18/2021 16:10,65161.59753,0,,64287.19317
2/18/2021 16:20,65384.17323,0,,64753.54205
2/18/2021 16:30,65634.49294,0,,65098.62781
2/18/2021 16:40,65717.41341,0,,65161.59753
2/18/2021 16:50,65742.66375,0,,65384.17323
2/18/2021 17:00,65576.27783,0,,65634.49294
2/18/2021 17:10,65179.67899,0,,65717.41341
2/18/2021 17:20,64814.64285,0,,65742.66375
2/18/2021 17:30,64605.78365,0,,65576.27783
2/18/2021 17:40,64375.10333,0,,65179.67899
2/18/2021 17:50,63957.30682,0,,64814.64285
2/18/2021 18:00,63667.78738,0,,64605.78365
2/18/2021 18:10,63617.91069,0,,64375.10333
2/18/2021 18:20,63572.39824,0,,63957.30682
2/18/2021 18:30,63436.79569,0,,63667.78738
2/18/2021 18:40,63414.77991,0,,63617.91069
2/18/2021 18:50,63352.31711,0,,63572.39824
2/18/2021 19:00,63259.10989,0,,63436.79569
2/18/2021 19:10,63283.42505,0,,63414.77991
2/18/2021 19:20,63454.87696,0,,63352.31711
2/18/2021 19:30,63545.27896,0,,63259.10989
2/18/2021 19:40,63506.00111,0,,63283.42505
2/18/2021 19:50,63467.03499,0,,63454.87696
2/18/2021 20:00,63447.08443,0,,63545.27896
2/18/2021 20:10,63562.11313,0,,63506.00111
2/18/2021 20:20,63735.39646,0,,63467.03499
2/18/2021 20:30,63824.90223,0,,63447.08443
2/18/2021 20:40,63770.97305,0,,63562.11313
2/18/2021 20:50,63708.62715,0,,63735.39646
2/18/2021 21:00,63639.73491,0,,63824.90223
2/18/2021 21:10,63586.35126,0,,63770.97305
2/18/2021 21:20,63549.64519,0,,63708.62715
2/18/2021 21:30,63493.84562,0,,63639.73491
2/18/2021 21:40,63453.32085,0,,63586.35126
2/18/2021 21:50,63410.30224,0,,63549.64519
2/18/2021 22:00,63346.55355,0,,63493.84562
2/18/2021 22:10,63387.85801,0,,63453.32085
2/18/2021 22:20,63489.79404,0,,63410.30224
2/18/2021 22:30,63421.83699,0,,63346.55355
2/18/2021 22:40,63370.40165,0,,63387.85801
2/18/2021 22:50,63338.60533,0,,63489.79404
2/18/2021 23:00,63190.8453,0,,63421.83699
2/18/2021 23:10,62967.6465,0,,63370.40165
2/18/2021 23:20,62799.93572,0,,63338.60533
2/18/2021 23:30,62720.44464,0,,63190.8453
2/18/2021 23:40,62696.05192,0,,62967.6465
2/18/2021 23:50,62748.50074,0,,62799.93572
2/19/2021 0:00,62795.26049,0,,62720.44464
2/19/2021 0:10,62724.18614,0,,62696.05192
2/19/2021 0:20,62626.6147,0,,62748.50074
2/19/2021 0:30,62539.72003,0,,62795.26049
2/19/2021 0:40,62558.3461,0,,62724.18614
2/19/2021 0:50,62663.39943,0,,62626.6147
2/19/2021 1:00,62730.73338,0,,62539.72003
2/19/2021 1:10,62722.00511,0,,62558.3461
2/19/2021 1:20,62767.59587,0,,62663.39943
2/19/2021 1:30,62900.93873,0,,62730.73338
2/19/2021 1:40,62949.25713,0,,62722.00511
2/19/2021 1:50,63049.01105,0,,62767.59587
2/19/2021 2:00,63100.13502,0,,62900.93873
2/19/2021 2:10,63076.28782,0,,62949.25713
2/19/2021 2:20,62928.99538,0,,63049.01105
2/19/2021 2:30,62822.38376,0,,63100.13502
2/19/2021 2:40,62861.66197,0,,63076.28782
2/19/2021 2:50,62861.66216,0,,62928.99538
2/19/2021 3:00,62861.66234,0,,62822.38376
2/19/2021 3:10,62864.15636,0,,62861.66197
2/19/2021 3:20,62866.65039,0,,62861.66216
2/19/2021 3:30,62775.62529,0,,62861.66234
2/19/2021 3:40,62593.26318,0,,62864.15636
2/19/2021 3:50,62457.5827,0,,62866.65039
2/19/2021 4:00,62364.14169,0,,62775.62529
2/19/2021 4:10,62164.6344,0,,62593.26318
2/19/2021 4:20,61746.29237,0,,62457.5827
2/19/2021 4:30,61698.28606,0,,62364.14169
2/19/2021 4:40,61395.05048,0,,62164.6344
2/19/2021 4:50,61302.3888,0,,61746.29237
2/19/2021 5:00,61305.50628,0,,61698.28606
2/19/2021 5:10,61586.6873,0,,61395.05048
2/19/2021 5:20,61509.37834,0,,61302.3888
2/19/2021 5:30,61462.61896,0,,61305.50628
2/19/2021 5:40,61444.22705,0,,61586.6873
2/19/2021 5:50,61380.01076,0,,61509.37834
2/19/2021 6:00,61224.14574,0,,61462.61896
2/19/2021 6:10,61115.04027,0,,61444.22705
2/19/2021 6:20,61036.48439,0,,61380.01076
2/19/2021 6:30,61240.04453,0,,61224.14574
2/19/2021 6:40,61349.15036,0,,61115.04027
2/19/2021 6:50,61661.92006,0,,61036.48439
2/19/2021 7:00,61978.84616,0,,61240.04453
2/19/2021 7:10,62295.77227,0,,61349.15036
2/19/2021 7:20,62275.41905,0,,61661.92006
2/19/2021 7:30,62378.17337,0,,61978.84616
2/19/2021 7:40,62692.39781,0,,62295.77227
2/19/2021 7:50,63077.07333,0,,62275.41905
2/19/2021 8:00,63186.17915,0,,62378.17337
2/19/2021 8:10,63400.44204,0,,62692.39781
2/19/2021 8:20,63633.2954,0,,63077.07333
2/19/2021 8:30,64386.03007,0,,63186.17915
2/19/2021 8:40,64702.74835,0,,63400.44204
2/19/2021 8:50,65381.07392,0,,63633.2954
2/19/2021 9:00,65472.95664,0,,64386.03007
2/19/2021 9:10,65482.6984,0,,64702.74835
2/19/2021 9:20,65806.58648,0,,65381.07392
2/19/2021 9:30,65958.08764,0,,65472.95664
2/19/2021 9:40,66131.09821,0,,65482.6984
2/19/2021 9:50,65890.28664,0,,65806.58648
2/19/2021 10:00,66201.23791,0,,65958.08764
2/19/2021 10:10,65921.92764,0,,66131.09821
2/19/2021 10:20,65248.59013,0,,65890.28664
2/19/2021 10:30,65221.15803,0,,66201.23791
2/19/2021 10:40,65514.02894,0,,65921.92764
2/19/2021 10:50,65330.8875,0,,65248.59013
2/19/2021 11:00,64630.11771,0,,65221.15803
2/19/2021 11:10,63973.61364,0,,65514.02894
2/19/2021 11:20,63861.7026,0,,65330.8875
2/19/2021 11:30,63676.45698,0,,64630.11771
2/19/2021 11:40,63490.43204,0,,63973.61364
2/19/2021 11:50,63438.37324,0,,63861.7026
2/19/2021 12:00,63849.23411,0,,63676.45698
2/19/2021 12:10,64109.52919,0,,63490.43204
2/19/2021 12:20,64025.55699,0,,63438.37324
2/19/2021 12:30,63817.43815,0,,63849.23411
2/19/2021 12:40,63588.31648,0,,64109.52919
2/19/2021 12:50,63619.4897,0,,64025.55699
2/19/2021 13:00,63497.60329,0,,63817.43815
2/19/2021 13:10,63158.44078,0,,63588.31648
2/19/2021 13:20,63089.54854,0,,63619.4897
2/19/2021 13:30,63136.62001,0,,63497.60329
2/19/2021 13:40,63247.59622,0,,63158.44078
2/19/2021 13:50,63384.13433,0,,63089.54854
2/19/2021 14:00,63434.01138,0,,63136.62001
2/19/2021 14:10,63473.91305,0,,63247.59622
2/19/2021 14:20,63391.30467,0,,63384.13433
2/19/2021 14:30,63070.22253,0,,63434.01138
2/19/2021 14:40,62685.54737,0,,63473.91305
2/19/2021 14:50,62360.88033,0,,63391.30467
2/19/2021 15:00,62194.88406,0,,63070.22253
2/19/2021 15:10,62162.15255,0,,62685.54737
2/19/2021 15:20,62153.42428,0,,62360.88033
2/19/2021 15:30,62179.92155,0,,62194.88406
2/19/2021 15:40,62261.51717,0,,62162.15255
2/19/2021 15:50,62375.06515,0,,62153.42428
2/19/2021 16:00,62440.84045,0,,62179.92155
2/19/2021 16:10,62342.95728,0,,62261.51717
2/19/2021 16:20,62171.50574,0,,62375.06515
2/19/2021 16:30,61923.68024,0,,62440.84045
2/19/2021 16:40,61602.90982,0,,62342.95728
2/19/2021 16:50,61322.35263,0,,62171.50574
2/19/2021 17:00,60862.23872,0,,61923.68024
2/19/2021 17:10,60193.26543,0,,61602.90982
2/19/2021 17:20,59488.59901,0,,61322.35263
2/19/2021 17:30,58705.68825,0,,60862.23872
2/19/2021 17:40,57921.37471,0,,60193.26543
2/19/2021 17:50,57149.53038,0,,59488.59901
2/19/2021 18:00,56517.34128,0,,58705.68825
2/19/2021 18:10,56013.50717,0,,57921.37471
2/19/2021 18:20,55616.75247,0,,57149.53038
2/19/2021 18:30,55794.43899,0,,56517.34128
2/19/2021 18:40,56053.17542,0,,56013.50717
2/19/2021 18:50,56251.12441,0,,55616.75247
2/19/2021 19:00,56619.62891,0,,55794.43899
2/19/2021 19:10,57092.48517,0,,56053.17542
2/19/2021 19:20,57493.68239,0,,56251.12441
2/19/2021 19:30,57763.01765,0,,56619.62891
2/19/2021 19:40,58118.70224,0,,57092.48517
2/19/2021 19:50,58304.18202,0,,57493.68239
2/19/2021 20:00,58698.20944,0,,57763.01765
2/19/2021 20:10,58982.50777,0,,58118.70224
2/19/2021 20:20,59127.77432,0,,58304.18202
2/19/2021 20:30,59274.2878,0,,58698.20944
2/19/2021 20:40,59526.36099,0,,58982.50777
2/19/2021 20:50,60055.17285,0,,59127.77432
2/19/2021 21:00,60363.78615,0,,59274.2878
2/19/2021 21:10,60476.00928,0,,59526.36099
2/19/2021 21:20,60744.40935,0,,60055.17285
2/19/2021 21:30,60930.04499,0,,60363.78615
2/19/2021 21:40,60945.1641,0,,60476.00928
2/19/2021 21:50,60950.4637,0,,60744.40935
2/19/2021 22:00,60951.08734,0,,60930.04499
2/19/2021 22:10,60728.20027,0,,60945.1641
2/19/2021 22:20,60873.73959,0,,60950.4637
2/19/2021 22:30,60807.06843,0,,60951.08734
2/19/2021 22:40,60829.20147,0,,60728.20027
2/19/2021 22:50,60966.36304,0,,60873.73959
2/19/2021 23:00,61028.7093,0,,60807.06843
2/19/2021 23:10,61059.88253,0,,60829.20147
2/19/2021 23:20,60953.89437,0,,60966.36304
2/19/2021 23:30,60937.06111,0,,61028.7093
2/19/2021 23:40,60873.46828,0,,61059.88253
2/19/2021 23:50,60982.26238,0,,60953.89437
