date,completely_home_device_count_percentage,median_home_dwell_time_percentage,part_time_work_behavior_devices_percentage,full_time_work_behavior_devices_percentage,completely_home_device_count,device_count,part_time_work_behavior_devices,full_time_work_behavior_devices
2020-01-01,35.49254229603111,57.08333333333333,3.1918524552998653,2.010229274259648,142466.0,401396.0,12812.0,8069.0
2020-01-02,28.18057699006145,49.09722222222222,9.472766241988015,8.39526387112685,110839.0,393316.0,37258.0,33020.0
2020-01-03,28.401276826811333,47.11805555555556,9.862675145013219,8.105008348092625,111930.0,394101.0,38869.0,31942.0
2020-01-04,34.562808151003956,55.625,4.821880039402178,2.722402401166634,134384.0,388810.0,18748.0,10585.0
2020-01-05,37.86957097188003,59.86111111111111,4.674869173912158,2.3530879029138076,148785.0,392887.0,18367.0,9245.0
2020-01-06,26.68720823586393,48.47222222222222,10.456105277259658,9.650501344820125,103588.0,388155.0,40586.0,37459.0
2020-01-07,26.515188604617006,48.40277777777778,11.027166588934955,10.32629281578615,102902.0,388086.0,42795.0,40075.0
2020-01-08,27.012532208641222,48.47222222222222,12.2029793156958,11.34818884552172,103052.0,381496.0,46554.0,43293.0
2020-01-09,25.13387608246505,47.77777777777778,11.121207280764004,10.262043610215695,95982.0,381882.0,42470.0,39189.0
2020-01-10,24.291115563395834,45.416666666666664,11.642547168054236,9.211972211357583,91295.0,375836.0,43757.0,34622.0
2020-01-11,30.25313589883189,53.05555555555556,5.58667047592352,2.8499350449833702,112247.0,371025.0,20728.0,10574.0
2020-01-12,32.938488941428304,58.40277777777778,4.9505978577761445,2.6142798948856605,123714.0,375590.0,18594.0,9819.0
2020-01-13,26.054982097440675,48.125,11.993335503340525,11.163031904622667,94454.0,362517.0,43478.0,40468.0
2020-01-14,23.99462047196315,49.72222222222222,11.483717008819042,11.103590922484036,82249.0,342780.0,39364.0,38061.0
2020-01-15,23.790208803611737,48.888888888888886,13.138109010534235,11.625576091045899,80940.0,340223.0,44699.0,39553.0
2020-01-16,23.099169482389897,49.09722222222222,11.693896593892537,10.825127649339585,79712.0,345085.0,40354.0,37356.0
2020-01-17,24.36750576174776,45.90277777777778,12.048759241151139,9.928955270376685,84478.0,346682.0,41771.0,34422.0
2020-01-18,35.35444702173044,57.08333333333333,6.118396707492081,3.4880607477338432,117515.0,332390.0,20337.0,11594.0
2020-01-19,34.21073615011828,58.611111111111114,5.640362301506439,2.84336395826504,115842.0,338612.0,19099.0,9628.0
2020-01-20,33.37833778917098,56.875,5.582535099014759,3.9198484519557613,112239.0,336262.0,18772.0,13181.0
2020-01-21,25.08366765751346,49.861111111111114,10.391419128193402,9.93232348128725,84469.0,336748.0,34993.0,33447.0
2020-01-22,22.510823758654684,48.888888888888886,9.542779068493783,8.71925101319605,78095.0,346921.0,33106.0,30249.0
2020-01-23,24.197464495852927,49.09722222222222,10.590101372905787,9.527635341099742,81921.0,338551.0,35853.0,32256.0
2020-01-24,22.791591922543624,47.5,10.005779879431117,8.163106400692389,76105.0,333916.0,33411.0,27258.0
2020-01-25,32.86849168978824,56.458333333333336,5.724812541987884,3.2496738878294638,109104.0,331940.0,19003.0,10787.0
2020-01-26,31.857329720356827,59.86111111111111,4.949415308024372,2.50552066435267,105457.0,331028.0,16384.0,8294.0
2020-01-27,25.08853051311807,50.416666666666664,10.399344395659613,9.716223814708028,83883.0,334347.0,34770.0,32486.0
2020-01-28,23.84463090411992,49.44444444444444,12.640708965777318,11.625341755444518,75876.0,318209.0,40224.0,36993.0
2020-01-29,22.851796034276603,49.02777777777778,13.028410223196493,11.851086090075727,73389.0,321151.0,41841.0,38060.0
2020-01-30,22.013320730386667,48.95833333333333,11.848439133401357,10.997114259065672,70333.0,319501.0,37856.0,35136.0
2020-01-31,20.378600975146995,46.666666666666664,12.100323714305954,9.691100782643245,66163.0,324668.0,39286.0,31464.0
2020-02-01,33.09734722600026,55.55555555555556,5.68826653105153,2.7795583834991073,139924.0,422764.0,24048.0,11751.0
2020-02-02,36.87804854687429,60.138888888888886,4.7423835715500084,2.4136948447979845,154009.0,417616.0,19805.0,10080.0
2020-02-03,26.866335960075364,46.94444444444444,11.131482391142415,9.466649139678564,116497.0,433616.0,48268.0,41049.0
2020-02-04,25.62014704871848,48.333333333333336,11.152585132176968,10.091439173071826,104398.0,407483.0,45445.0,41121.0
2020-02-05,25.47006185630305,49.72222222222222,11.266391408676254,9.982962655983792,99564.0,390905.0,44041.0,39024.0
2020-02-06,26.18676834536775,49.02777777777778,11.533158148271811,10.719082852678879,102743.0,392346.0,45250.0,42056.0
2020-02-07,25.033976893237053,45.13888888888889,10.556478384754586,8.29036194984045,101125.0,403950.0,42643.0,33489.0
2020-02-08,30.968319461531124,52.15277777777778,5.986357288382662,2.909287463037741,126618.0,408862.0,24476.0,11895.0
2020-02-09,34.16927820905575,58.47222222222223,4.803311276585585,2.2924609148230894,135964.0,397912.0,19113.0,9122.0
2020-02-10,26.035364719968463,47.986111111111114,10.62280065609197,10.289400805026794,106984.0,410917.0,43651.0,42281.0
2020-02-11,25.419412590866298,49.51388888888889,10.98626909285468,10.722351694370277,98820.0,388757.0,42710.0,41684.0
2020-02-12,24.7292908109767,48.75,11.541137055318277,10.299480831692284,96694.0,391009.0,45127.0,40272.0
2020-02-13,25.65522542437147,44.93055555555556,10.607158793987995,9.636798378089766,99463.0,387690.0,41123.0,37361.0
2020-02-14,22.994089939446763,42.15277777777778,12.108226470722737,9.326705026914045,85478.0,371738.0,45011.0,34671.0
2020-02-15,30.269490026692818,50.06944444444444,5.2639118062690935,2.797649709794804,109884.0,363018.0,19109.0,10156.0
2020-02-16,30.960379899355022,53.125,5.290523779148062,2.6910482670635765,109205.0,352724.0,18661.0,9492.0
2020-02-17,29.386214548945883,51.59722222222223,5.352512691376763,3.4664849916923943,102227.0,347873.0,18620.0,12059.0
2020-02-18,26.16694667284747,49.51388888888889,8.018117236471863,5.8635951612569865,88623.0,338682.0,27156.0,19859.0
2020-02-19,27.017813632432002,46.59722222222222,8.821450982830846,6.510653694166332,95582.0,353773.0,31208.0,23033.0
2020-02-20,25.889066952058098,45.48611111111111,8.73082641231523,6.465439961604555,93859.0,362542.0,31653.0,23440.0
2020-02-21,25.185168349068267,45.69444444444444,7.834602829162132,5.338416998837992,88646.0,351976.0,27576.0,18790.0
2020-02-22,28.702461167458686,50.138888888888886,5.868501312149798,3.1060358890701467,101169.0,352474.0,20685.0,10948.0
2020-02-23,30.830799103382304,55.34722222222223,5.029339958024585,2.476263902571351,107971.0,350204.0,17613.0,8672.0
2020-02-24,23.082949295908154,46.041666666666664,11.119103178519554,10.048816662902961,82796.0,358688.0,39883.0,36044.0
2020-02-25,43.57437637068807,39.166666666666664,6.600369478085195,4.815639078249409,161335.0,370251.0,24438.0,17830.0
2020-02-26,22.70893882184348,42.84722222222222,12.159685266736977,9.405769215286892,84621.0,372632.0,45311.0,35049.0
2020-02-27,22.998186236868108,45.0,13.160103816609006,9.975421995799996,83560.0,363332.0,47815.0,36244.0
2020-02-28,22.01880157295715,43.47222222222222,11.853768110083902,9.907782211263621,76263.0,346353.0,41056.0,34316.0
2020-02-29,28.351912163175964,51.59722222222223,5.619838601012642,2.896414565331874,96369.0,339902.0,19102.0,9845.0
2020-03-01,36.324696477287404,57.36111111111111,5.034690119331984,2.5082260797758757,143403.0,394780.0,19876.0,9902.0
2020-03-02,25.727679469133317,46.94444444444444,10.638950331791674,9.443746229640055,102355.0,397839.0,42326.0,37571.0
2020-03-03,24.446977787911152,46.666666666666664,11.376285505142022,10.073800295201181,101862.0,416664.0,47401.0,41974.0
2020-03-04,24.414375374307987,47.36111111111111,10.721398000769309,8.921798236431183,100284.0,410757.0,44039.0,36647.0
2020-03-05,22.795924686030535,45.55555555555556,10.941279486038276,8.94184066412524,94242.0,413415.0,45233.0,36967.0
2020-03-06,22.874743326488705,44.23611111111111,10.289564607950423,8.077315594683323,93019.0,406644.0,41842.0,32846.0
2020-03-07,29.360205309487075,50.83333333333333,6.102864446807767,3.0521811636534304,117607.0,400565.0,24446.0,12226.0
2020-03-08,31.592268577986882,55.486111111111114,4.859374564543794,2.4101788442390566,124695.0,394700.0,19180.0,9513.0
2020-03-09,23.666003697265126,46.52777777777778,10.96529680822817,9.117916706327934,94478.0,399213.0,43775.0,36400.0
2020-03-10,25.480371213827958,48.888888888888886,10.959982411044127,9.83868647414722,93873.0,368412.0,40378.0,36247.0
2020-03-11,25.920658599307554,49.51388888888889,11.429191668429315,10.095516938114375,93135.0,359307.0,41066.0,36274.0
2020-03-12,27.74444110166015,49.375,10.191450373328228,9.110849766157044,101442.0,365629.0,37263.0,33312.0
2020-03-13,27.38417921916193,47.56944444444444,9.556588900812104,6.626127737371329,103352.0,377414.0,36068.0,25008.0
2020-03-14,35.267781306414605,58.47222222222223,4.709530486558389,2.9480273064664266,122491.0,347316.0,16357.0,10239.0
2020-03-15,38.450277722010306,61.875,4.006335184813402,2.498661580673225,137895.0,358631.0,14368.0,8961.0
2020-03-16,38.3205175632058,56.041666666666664,5.845459602791136,4.940684116446073,135701.0,354120.0,20700.0,17496.0
2020-03-17,40.03811244583092,58.05555555555556,5.559900060697599,4.8219301836455255,141821.0,354214.0,19694.0,17080.0
2020-03-18,40.70615857999035,59.02777777777778,5.417173758295254,4.649647523479299,141817.0,348391.0,18873.0,16199.0
2020-03-19,43.08446267798443,58.88888888888889,5.014604951092725,4.24244504905032,150597.0,349538.0,17528.0,14829.0
2020-03-20,42.4387106716931,47.22222222222222,3.998624842923868,2.912428574815658,143195.0,337415.0,13492.0,9827.0
2020-03-21,47.489289045578865,45.55555555555556,3.2940730083948586,2.547230961377326,150192.0,316264.0,10418.0,8056.0
2020-03-22,50.44806811893143,55.06944444444445,3.451225033958847,2.752867635961161,160441.0,318031.0,10976.0,8755.0
2020-03-23,53.047541105572506,64.02777777777777,4.2359943456588045,3.816680306524812,178253.0,336024.0,14234.0,12825.0
2020-03-24,48.929989957883066,65.48611111111111,3.7719390278631275,3.223069890136243,163228.0,333594.0,12583.0,10752.0
2020-03-25,49.02745945695352,68.40277777777779,3.842933181118834,3.1336290698786247,169207.0,345126.0,13263.0,10815.0
2020-03-26,49.90792239438978,71.45833333333333,3.807424493263144,3.2952621886567828,160980.0,322553.0,12281.0,10629.0
2020-03-27,49.1543849295709,72.5,3.9403022161482193,3.324688232827569,158255.0,321954.0,12686.0,10704.0
2020-03-28,54.94197956520917,81.875,3.483747344800852,2.9798110317615394,174332.0,317301.0,11054.0,9455.0
2020-03-29,56.40989341487661,83.4375,3.1358928863553426,2.6957730882001334,179309.0,317867.0,9968.0,8569.0
2020-03-30,52.15014953078272,70.79861111111111,3.8347214723777516,3.2820945228663807,171938.0,329697.0,12643.0,10821.0
2020-03-31,52.784114681154506,72.29166666666667,3.8827657605658326,3.413376821287109,172840.0,327446.0,12714.0,11177.0
2020-04-01,56.61183073924316,74.375,2.899261732752004,2.4281844533947368,214633.0,379130.0,10992.0,9206.0
2020-04-02,57.37405791352638,75.76388888888889,3.8476794922649744,3.347613380933492,216960.0,378149.0,14550.0,12659.0
2020-04-03,57.704370438675944,76.38888888888889,3.790506189664036,3.247839533877904,212138.0,367628.0,13935.0,11940.0
2020-04-04,56.516038184932974,77.56944444444444,2.5303646609790236,2.047209529700501,198269.0,350818.0,8877.0,7182.0
2020-04-05,57.77468560040136,80.83333333333333,2.774644022319115,2.4337037478483343,208432.0,360766.0,10010.0,8780.0
2020-04-06,55.93714882232478,74.30555555555556,3.0564223088024733,2.6785052166819736,196119.0,350605.0,10716.0,9391.0
2020-04-07,56.42260219813814,76.66666666666667,3.3874490368815713,2.952406987715941,191948.0,340196.0,11524.0,10044.0
2020-04-08,56.23739759858941,77.95138888888889,3.2444652460724663,2.9083030875699483,191048.0,339716.0,11022.0,9880.0
2020-04-09,57.56585317192534,79.02777777777777,3.1290892340552876,2.7954957545315318,196204.0,340833.0,10665.0,9528.0
2020-04-10,55.53281521418997,78.88888888888889,2.9097619176418967,2.51846776180945,184781.0,332741.0,9682.0,8380.0
2020-04-11,56.0382664380194,78.47222222222221,3.2870042811401983,2.782141529458322,186919.0,333555.0,10964.0,9280.0
2020-04-12,59.18619102699776,83.33333333333334,2.5665715059188345,2.218332389929368,192393.0,325063.0,8343.0,7211.0
2020-04-13,59.65804749990756,79.65277777777777,3.246977334631549,3.0279034226062094,193619.0,324547.0,10538.0,9827.0
2020-04-14,54.439540167268184,78.47222222222221,3.349077920228802,2.96278871094548,175880.0,323073.0,10820.0,9572.0
2020-04-15,55.095356150790565,79.02777777777777,3.8335318947738424,3.5090939066004316,177120.0,321478.0,12324.0,11281.0
2020-04-16,55.476738541519865,75.55555555555556,3.7810244123956718,3.3331767432392225,177140.0,319304.0,12073.0,10643.0
2020-04-17,53.752590831982396,76.04166666666666,3.5912615666341603,3.1544653243988177,171424.0,318912.0,11453.0,10060.0
2020-04-18,55.86688670629516,80.34722222222223,2.513899347892266,2.219729863970647,174341.0,312064.0,7845.0,6927.0
2020-04-19,55.624780119614925,82.01388888888889,3.1090286883935137,2.6801420027505034,173922.0,312669.0,9721.0,8380.0
2020-04-20,54.01640598409363,74.54861111111111,3.731471448778919,3.4245227932015396,172987.0,320248.0,11950.0,10967.0
2020-04-21,55.48900378677541,73.125,3.6429507719196037,3.2739829109622294,182874.0,329567.0,12006.0,10790.0
2020-04-22,52.15090520837412,72.08333333333333,3.948521638561184,3.535297253503522,173153.0,332022.0,13110.0,11738.0
2020-04-23,53.18865607024286,66.59722222222221,3.391443408043391,2.947561079424534,174946.0,328915.0,11155.0,9695.0
2020-04-24,54.12283959522048,64.02777777777777,3.4277962106400417,3.034004794249356,176336.0,325806.0,11168.0,9885.0
2020-04-25,50.885847606600834,73.05555555555556,3.3939851330995614,2.7739685052414567,165867.0,325958.0,11063.0,9042.0
2020-04-26,57.84307963561564,81.45833333333333,2.8894009929319333,2.5243979770171827,186998.0,323284.0,9341.0,8161.0
2020-04-27,48.98232353056966,65.83333333333333,3.5558866549772414,2.986254326752732,161746.0,330212.0,11742.0,9861.0
2020-04-28,52.841914224694996,72.01388888888889,3.6972535648050546,3.3901930051298974,172950.0,327296.0,12101.0,11096.0
2020-04-29,51.512055449391084,60.763888888888886,3.568387792556714,3.229397259064449,163354.0,317117.0,11316.0,10241.0
2020-04-30,52.42388916149155,65.52083333333333,3.779523129381394,3.436043767834205,167736.0,319960.0,12093.0,10994.0
2020-05-01,54.93506151065121,66.45833333333333,3.135446483243145,2.6590648740342724,187506.0,341322.0,10702.0,9076.0
2020-05-02,50.14231137141214,68.40277777777779,2.7623077329358394,2.3045639403524625,170886.0,340801.0,9414.0,7854.0
2020-05-03,54.52654465508498,76.04166666666666,2.97741054862699,2.5483354741537685,179563.0,329312.0,9805.0,8392.0
2020-05-04,54.139451412013365,70.625,3.4157815187677194,3.0270418521179456,181607.0,335442.0,11458.0,10154.0
2020-05-05,54.00234479020608,71.00694444444444,3.407015518033676,3.0479326962730795,183325.0,339475.0,11566.0,10347.0
2020-05-06,55.42695281334841,70.48611111111111,3.6639823674256555,3.288314401657646,193133.0,348445.0,12767.0,11458.0
2020-05-07,52.179192975954614,66.73611111111111,3.8273065465585314,3.2620191279807296,183042.0,350794.0,13426.0,11443.0
2020-05-08,54.64184809705833,67.77777777777779,3.727318053394171,3.2118089655068216,180829.0,330934.0,12335.0,10629.0
2020-05-09,53.93405031619303,71.66666666666667,2.902765420008241,2.385032933041126,180637.0,334921.0,9722.0,7988.0
2020-05-10,52.24736217805557,73.54166666666667,2.7122163620390283,2.1821376488997615,176629.0,338062.0,9169.0,7377.0
2020-05-11,55.67563574035492,70.06944444444444,4.169215538513823,3.7516438376405574,188398.0,338384.0,14108.0,12695.0
2020-05-12,52.39075665989166,67.70833333333334,3.9541411137409486,3.4432292445719277,178631.0,340958.0,13482.0,11740.0
2020-05-13,51.81591623537286,67.70833333333334,3.9581415918625913,3.442680754933483,173403.0,334651.0,13246.0,11521.0
2020-05-14,51.08008734323105,67.15277777777777,4.030884187260568,3.3811429875058883,172405.0,337518.0,13605.0,11412.0
2020-05-15,48.294188747215244,63.541666666666664,3.971536237379722,3.168993221785088,163018.0,337551.0,13406.0,10697.0
2020-05-16,47.55340542363085,66.04166666666667,3.413852897259284,2.587784788786667,157961.0,332175.0,11340.0,8596.0
2020-05-17,52.387226265095364,69.72222222222221,2.894329636814191,2.2417388964264493,186882.0,356731.0,10325.0,7997.0
2020-05-18,51.184067242430906,63.47222222222222,3.4643331597314093,2.877243015771781,183781.0,359058.0,12439.0,10331.0
2020-05-19,52.06565975803142,64.44444444444444,3.7850560564223694,3.2377989953092254,187805.0,360707.0,13653.0,11679.0
2020-05-20,50.53135423335971,63.68055555555555,3.644690232084793,2.9759192106712593,180736.0,357670.0,13036.0,10644.0
2020-05-21,49.49467862230789,61.875,4.322467108019777,3.602893935584793,177186.0,357989.0,15474.0,12898.0
2020-05-22,47.29030849707726,60.34722222222222,3.786480244275138,2.9798656271138935,175474.0,371056.0,14050.0,11057.0
2020-05-23,52.61935152361612,64.86111111111111,3.3221910335006952,2.574663886102555,192520.0,365872.0,12155.0,9420.0
2020-05-24,47.96266260633544,61.875,3.173788796575199,2.3421380733286994,173880.0,362531.0,11506.0,8491.0
2020-05-25,48.10306289708612,62.15277777777778,3.5202319186117395,2.6424091358593316,177546.0,369094.0,12993.0,9753.0
2020-05-26,46.935398920695675,57.84722222222223,4.363819865928011,3.495192214890208,170207.0,362640.0,15825.0,12675.0
2020-05-27,46.49768585891444,60.27777777777777,3.8102004828023075,2.9233508534643633,162953.0,350453.0,13353.0,10245.0
2020-05-28,48.58448170407785,61.66666666666667,3.8808661668298647,3.1825112635571875,169194.0,348246.0,13515.0,11083.0
2020-05-29,44.642756617390425,58.99305555555555,3.773122867854851,3.010617097693061,158605.0,355275.0,13405.0,10696.0
2020-05-30,43.43178896775275,59.166666666666664,3.223886436036439,2.2782652433912705,155425.0,357859.0,11537.0,8153.0
2020-05-31,47.635849025373936,60.48611111111111,2.9564301044419556,2.1613912352619877,172679.0,362497.0,10717.0,7835.0
2020-06-01,46.696209925034424,58.333333333333336,3.65504048355205,3.017913502912351,174288.0,373237.0,13642.0,11264.0
2020-06-02,49.141090625522196,62.083333333333336,4.290926307580905,3.4685010861694425,176446.0,359059.0,15407.0,12454.0
2020-06-03,48.18407455480852,61.736111111111114,4.260274772158127,3.4128336330460356,173361.0,359788.0,15328.0,12279.0
2020-06-04,45.371931719067994,59.44444444444444,4.156664036217136,3.3212886433802655,163863.0,361154.0,15012.0,11995.0
2020-06-05,46.556989567973844,59.09722222222222,3.9991274430214774,3.0105977015302883,168608.0,362153.0,14483.0,10903.0
2020-06-06,44.86443663455623,59.93055555555556,4.085582890164317,2.959610516941558,159699.0,355958.0,14543.0,10535.0
2020-06-07,45.7436334719912,61.18055555555556,3.6366135316243726,2.5432452673535044,163082.0,356512.0,12965.0,9067.0
2020-06-08,44.33889936036358,57.08333333333333,4.277620475008234,3.413793008007218,160196.0,361298.0,15455.0,12334.0
2020-06-09,44.040922271456964,57.15277777777777,4.64286997697362,3.5672920369638352,159322.0,361758.0,16796.0,12905.0
2020-06-10,45.178092790626984,58.68055555555556,4.469866534029678,3.545552515957888,163495.0,361889.0,16176.0,12831.0
2020-06-11,47.84434637834124,59.44444444444444,4.48998700762644,3.5666697139184613,172709.0,360980.0,16208.0,12875.0
2020-06-12,43.133689809329645,55.97222222222222,4.414571592576778,3.505190203790786,152541.0,353646.0,15612.0,12396.0
2020-06-13,42.17606479964374,57.43055555555555,3.835435344598209,2.569747282509754,150585.0,357038.0,13694.0,9175.0
2020-06-14,44.76747511726347,61.52777777777778,3.3377187964763757,2.3335430728749573,156525.0,349639.0,11670.0,8159.0
2020-06-15,45.884490818764014,60.20833333333333,4.6731245511965644,3.7982326303911367,156551.0,341184.0,15944.0,12959.0
2020-06-16,44.73467382152991,60.69444444444444,4.240484900781702,3.495036837957928,149306.0,333758.0,14153.0,11665.0
2020-06-17,44.576420666288556,60.416666666666664,4.852996635596165,3.9871006440769565,150116.0,336760.0,16343.0,13427.0
2020-06-18,42.49059653514982,59.513888888888886,4.307364173862317,3.466065493081845,139851.0,329133.0,14177.0,11408.0
2020-06-19,40.985437861559944,57.77777777777777,4.914299743743191,3.752704506744004,133549.0,325844.0,16013.0,12228.0
2020-06-20,40.391244135608524,58.19444444444445,4.517335415738837,3.0073880656201766,132413.0,327825.0,14809.0,9859.0
2020-06-21,41.80837918382439,60.69444444444444,3.5069700120406915,2.4024498541527746,132293.0,316426.0,11097.0,7602.0
2020-06-22,41.42958474951973,56.458333333333336,4.717895670164031,3.6506576030737405,140177.0,338349.0,15963.0,12352.0
2020-06-23,40.36665883207623,58.611111111111114,4.767907889636057,3.7114591568556223,132244.0,327606.0,15620.0,12159.0
2020-06-24,41.30367972151814,57.77777777777777,5.253789112065214,4.205222143446152,135740.0,328638.0,17266.0,13820.0
2020-06-25,40.83612183088271,57.013888888888886,5.575875628938498,4.307923403839578,133753.0,327535.0,18263.0,14110.0
2020-06-26,39.62065651405408,56.80555555555556,5.255083633232576,3.6967192488319847,130682.0,329832.0,17333.0,12193.0
2020-06-27,42.32562603720308,59.86111111111111,4.337985782577465,2.954016298020955,136705.0,322983.0,14011.0,9541.0
2020-06-28,42.47088486766705,58.68055555555556,3.988043092593814,2.655136791667844,135260.0,318476.0,12701.0,8456.0
2020-06-29,39.56368141506078,55.27777777777778,4.871937980692565,3.711835923604381,129014.0,326091.0,15887.0,12104.0
2020-07-01,41.00926716735915,57.08333333333333,4.587688557525432,3.6612757628164405,134925.0,329010.0,15094.0,12046.0
2020-07-02,38.6778404851757,55.451388888888886,5.0288374915252145,3.7815347179869794,124936.0,323016.0,16244.0,12215.0
2020-07-03,38.94928144901419,55.76388888888889,4.617663678431253,3.1454359412941555,127518.0,327394.0,15118.0,10298.0
2020-07-04,39.031087392421384,52.708333333333336,4.20428238050522,2.6643237229252086,125942.0,322670.0,13566.0,8597.0
2020-07-05,42.06836997473925,55.97222222222222,4.07091448836223,2.643774238950726,136893.0,325405.0,13247.0,8603.0
2020-07-06,42.194438751110205,56.31944444444444,4.8271193177936365,3.8597700721086663,135872.0,322013.0,15544.0,12429.0
2020-07-07,41.31591007766897,54.44444444444444,5.800147136861402,4.514810169327994,137030.0,331663.0,19237.0,14974.0
2020-07-08,39.640568278581995,55.27777777777778,4.891617741525867,3.6935120034658424,132675.0,334694.0,16372.0,12362.0
2020-07-09,38.55385895074564,52.916666666666664,5.08912126433367,3.722892282098509,129780.0,336619.0,17131.0,12532.0
2020-07-10,43.8483891873811,56.18055555555556,4.520788099070875,3.6379546696691767,146818.0,334830.0,15137.0,12181.0
2020-07-11,40.31986087604615,58.333333333333336,4.2439016815986825,2.9455149604832074,129836.0,322014.0,13666.0,9485.0
2020-07-12,40.31284617441461,58.40277777777778,4.014986566841107,2.454575550377529,126642.0,314147.0,12613.0,7711.0
2020-07-13,39.69417535181186,54.30555555555555,4.685945747340687,3.596232603572037,132883.0,334766.0,15687.0,12039.0
2020-07-14,38.63769171227784,53.888888888888886,5.027580868697932,3.770150249191542,126290.0,326856.0,16433.0,12323.0
2020-07-15,37.39762259447299,52.77777777777778,5.050010640561822,3.855227556014958,123012.0,328929.0,16611.0,12681.0
2020-07-16,38.36064166400942,53.40277777777778,5.081679707620987,4.046272903431529,125114.0,326151.0,16574.0,13197.0
2020-07-17,39.30448685302987,53.47222222222222,5.720529273961314,4.4269748233747235,127343.0,323990.0,18534.0,14343.0
2020-07-18,38.438298935713505,54.09722222222222,4.54548367047486,3.039399744981322,119979.0,312133.0,14188.0,9487.0
2020-07-19,41.55374172059624,56.80555555555556,4.076696090475044,2.662390293942579,131245.0,315843.0,12876.0,8409.0
2020-07-20,40.25025842239723,55.00000000000001,4.955501680909647,3.9658913477387654,129665.0,322146.0,15964.0,12776.0
2020-07-21,38.73798066125453,54.270833333333336,5.4000556984617045,4.105515644979203,129362.0,333940.0,18033.0,13710.0
2020-07-22,40.38238600435607,54.166666666666664,5.335605049298579,4.0808918241645005,137943.0,341591.0,18226.0,13940.0
2020-07-23,40.69517860003204,54.02777777777777,5.252428174100447,4.055742431523306,139733.0,343364.0,18035.0,13926.0
2020-07-24,40.1528690600241,52.916666666666664,5.3058836541876,4.049924031179234,137950.0,343561.0,18229.0,13914.0
2020-07-25,39.01562149195883,53.541666666666664,4.743462488331147,2.934051780164723,132071.0,338507.0,16057.0,9932.0
2020-07-26,41.84401509248965,55.90277777777778,4.018244053611605,2.5267955889776967,143394.0,342686.0,13770.0,8659.0
2020-07-27,42.30584518533091,54.166666666666664,5.871801696503998,4.478492819367457,146231.0,345651.0,20296.0,15480.0
2020-07-28,40.29836865542632,53.61111111111111,4.925216363775617,3.843944549602284,147326.0,365587.0,18006.0,14053.0
2020-07-29,39.436438428163065,52.56944444444444,5.152930702521225,3.885614377577672,147064.0,372913.0,19216.0,14490.0
2020-07-30,39.44191362297378,52.77777777777778,4.677280019745774,3.467314843133783,147015.0,372737.0,17434.0,12924.0
2020-07-31,38.20826254506278,51.18055555555555,4.891780273208194,3.52049061451125,138312.0,361994.0,17708.0,12744.0
2020-08-01,38.9956758264751,53.61111111111111,4.387780722555447,2.786720602594504,139780.0,358449.0,15728.0,9989.0
2020-08-02,43.30277423262173,56.73611111111111,3.878935014906984,2.6265923960085154,166594.0,384718.0,14923.0,10105.0
2020-08-03,41.376698463039105,53.263888888888886,4.885797347850135,3.747449069949295,151862.0,367022.0,17932.0,13754.0
2020-08-04,46.358383093475695,56.875,4.38402905808866,3.6473955037010537,168471.0,363409.0,15932.0,13255.0
2020-08-05,41.112314012880304,53.263888888888886,5.178214523650899,3.9584721296913172,148103.0,360239.0,18654.0,14260.0
2020-08-06,41.51711097686842,52.5,5.111757041194748,3.8632097066496187,153260.0,369148.0,18870.0,14261.0
2020-08-07,40.43324857048227,52.84722222222222,3.9791094699903926,2.941426041447118,147716.0,365332.0,14537.0,10746.0
2020-08-08,40.393403200176124,52.56944444444444,3.5733136133087586,2.4098697970323997,143111.0,354292.0,12660.0,8538.0
2020-08-09,43.28437497217713,55.34722222222223,4.2225473582369055,2.752906191664713,145848.0,336952.0,14228.0,9276.0
2020-08-10,42.57654071143619,52.083333333333336,4.539703720519472,3.419588995966369,153792.0,361212.0,16398.0,12352.0
2020-08-11,41.69525835915882,51.31944444444444,4.492410164040584,3.447328252582775,153243.0,367530.0,16511.0,12670.0
2020-08-12,42.214728778985055,52.43055555555556,5.115246381638289,3.9168505335609125,152106.0,360314.0,18431.0,14113.0
2020-08-13,43.442616422463345,52.01388888888889,5.49079160106938,4.33220855556765,163634.0,376666.0,20682.0,16318.0
2020-08-14,38.80056126716857,49.44444444444444,4.676866618095469,3.2388893386221973,143791.0,370589.0,17332.0,12003.0
2020-08-15,38.97052154195011,49.93055555555556,4.1768707482993195,2.7151360544217686,137488.0,352799.0,14736.0,9579.0
2020-08-16,46.64527668970202,56.18055555555556,3.0633313164124285,2.101047737333206,175765.0,376811.0,11543.0,7917.0
2020-08-17,43.29612747129356,51.45833333333333,5.0509965378497235,3.75409375877234,161947.0,374044.0,18893.0,14042.0
2020-08-18,41.07772355520585,51.388888888888886,5.138493365189456,3.8224741994064755,157660.0,383808.0,19722.0,14671.0
2020-08-19,40.83093216610945,51.87500000000001,4.902505278901988,3.7389472989618158,148507.0,363711.0,17831.0,13599.0
2020-08-20,35.97744423160788,50.90277777777777,5.322907408736358,3.8523110554178555,130347.0,362301.0,19285.0,13957.0
2020-08-21,35.754745314752526,50.0,5.251081210956271,3.723570398846708,119049.0,332959.0,17484.0,12398.0
2020-08-22,35.04084997477637,50.97222222222222,4.0004060389059095,2.4691471952554966,113915.0,325091.0,13005.0,8027.0
2020-08-23,40.79691500733338,54.72222222222223,4.944440301290178,3.216123499142367,131291.0,321815.0,15912.0,10350.0
2020-08-24,38.36874613959234,51.94444444444445,5.348363187152564,4.017912291537987,124238.0,323799.0,17318.0,13010.0
2020-08-25,39.30822187193216,52.63888888888889,6.274871712288678,4.788685287095046,126929.0,322906.0,20262.0,15463.0
2020-08-26,36.92833313733621,51.59722222222223,5.747460805733844,4.0029832824772384,119328.0,323133.0,18572.0,12935.0
2020-08-27,37.70007992312453,51.11111111111111,5.209308400635653,3.8468834646208006,121228.0,321558.0,16751.0,12370.0
2020-08-28,36.83484157192912,49.51388888888889,5.610206448035089,3.832459479216556,116902.0,317367.0,17805.0,12163.0
2020-08-29,38.4789319364297,50.416666666666664,4.685841835500405,3.3065715327125114,119292.0,310018.0,14527.0,10251.0
2020-08-30,37.43621551801312,53.81944444444444,5.282761884056118,3.5153402478482727,117090.0,312771.0,16523.0,10995.0
2020-08-31,34.4219763012998,48.81944444444444,5.240915831611791,3.8796835220600214,120469.0,349976.0,18342.0,13578.0
2020-09-01,34.29896147790794,52.29166666666667,5.172966648852426,3.927317897534413,118731.0,346164.0,17907.0,13595.0
2020-09-02,35.23565764156542,53.125,5.172899521072223,4.038218316739695,117568.0,333661.0,17260.0,13474.0
2020-09-03,34.67229600761215,51.388888888888886,5.87320308360255,4.3519135770815165,121706.0,351017.0,20616.0,15276.0
2020-09-04,32.642587558017794,50.34722222222222,5.60565300865239,3.8566322149603898,114425.0,350538.0,19650.0,13519.0
2020-09-05,32.66569671127501,50.416666666666664,4.295942033160951,2.6436566357913542,113381.0,347094.0,14911.0,9176.0
2020-09-06,35.74553490216895,52.43055555555556,4.618233762670619,2.832791070102558,119863.0,335322.0,15486.0,9499.0
2020-09-07,39.54590572938557,55.76388888888889,5.0467835734363495,3.4568276593905467,132669.0,335480.0,16931.0,11597.0
2020-09-08,37.16685936745357,53.333333333333336,5.71252945394939,4.43367921904957,126975.0,341634.0,19516.0,15147.0
2020-09-09,35.928346227807346,53.125,5.936395957246993,4.428469209784893,128543.0,357775.0,21239.0,15844.0
2020-09-10,37.34331695861858,53.888888888888886,5.509302201759278,4.376616571061872,133260.0,356850.0,19660.0,15618.0
2020-09-11,34.249933355741256,51.24999999999999,5.826736517576698,4.209888848966725,118202.0,345115.0,20109.0,14529.0
2020-09-12,35.957177913748964,53.68055555555556,4.989232613838227,3.2243239819591047,122057.0,339450.0,16936.0,10945.0
2020-09-13,40.260656103548314,58.75,4.438890128691512,2.885070296808748,135306.0,336074.0,14918.0,9696.0
2020-09-14,37.78208786285283,53.19444444444444,5.859586860659797,4.772796943900771,128178.0,339255.0,19879.0,16192.0
2020-09-15,37.21711080532547,54.65277777777777,5.34915024567778,4.474663261054001,124144.0,333566.0,17843.0,14926.0
2020-09-16,38.60709600286237,52.916666666666664,6.250963577497812,5.010021205977235,132720.0,343770.0,21489.0,17223.0
2020-09-17,37.75575243801389,52.43055555555556,6.378817816767973,5.146338778182746,130317.0,345157.0,22017.0,17763.0
2020-09-18,35.06030751127201,49.861111111111114,6.188349153173274,4.7777717740434555,116795.0,333125.0,20615.0,15916.0
2020-09-19,34.88672754193914,52.63888888888889,4.585366769864549,2.951626384015076,111446.0,319450.0,14648.0,9429.0
2020-09-20,37.94513731721802,55.24305555555556,3.909407553650824,2.5684980979438534,118201.0,311504.0,12178.0,8001.0
2020-09-21,37.093372898831355,51.736111111111114,6.339700456607882,5.411396156733979,103252.0,278356.0,17647.0,15063.0
2020-09-22,36.01621367748259,53.333333333333336,5.959989926010632,5.292588130390095,105825.0,293825.0,17512.0,15551.0
2020-09-23,35.380733561701064,54.23611111111111,6.744423092990225,5.801988470214722,105868.0,299224.0,20181.0,17361.0
2020-09-24,34.904566065591055,53.68055555555556,6.518902246124644,5.515132342085838,105920.0,303455.0,19782.0,16736.0
2020-09-25,32.37985820617059,51.52777777777777,6.49691994474885,5.09469287823144,98925.0,305513.0,19849.0,15565.0
2020-09-26,33.23158970471788,53.95833333333333,4.908058501458476,3.1954492849746545,98204.0,295513.0,14504.0,9443.0
2020-09-27,36.5961817992608,55.90277777777778,4.69738728183988,3.031666157528475,109016.0,297888.0,13993.0,9031.0
2020-09-28,35.93966888986695,54.37499999999999,5.021159901140941,4.083014524156143,106155.0,295369.0,14831.0,12060.0
2020-09-29,39.25881683200657,54.65277777777777,6.402371686591447,5.550007932582382,126201.0,321458.0,20581.0,17841.0
2020-09-30,36.94532860457449,54.861111111111114,6.139785973334484,5.064106316960365,119902.0,324538.0,19926.0,16435.0
2020-10-01,35.16866828677136,53.61111111111111,6.9820527453080015,5.383855806408177,109696.0,311913.0,21778.0,16793.0
2020-10-02,34.55333942835146,51.979166666666664,6.27436002309691,4.888846116831873,114894.0,332511.0,20863.0,16256.0
2020-10-03,34.41983178712821,55.27777777777778,4.378342444369261,2.8511310149159823,115979.0,336953.0,14753.0,9607.0
2020-10-04,37.618575199181834,59.583333333333336,3.859320362783463,2.710771435395271,122857.0,326585.0,12604.0,8853.0
2020-10-05,36.73958384702186,54.23611111111111,5.576554336884915,4.352984518273774,126652.0,344728.0,19224.0,15006.0
2020-10-06,36.753710728886595,52.361111111111114,5.813640523227647,4.414060397265436,129727.0,352962.0,20520.0,15580.0
2020-10-07,36.16677798462391,53.541666666666664,5.59536159388367,4.241072062982279,127251.0,351844.0,19687.0,14922.0
2020-10-08,35.570860055538695,52.77777777777778,5.92204727312954,4.39147120809424,125404.0,352546.0,20878.0,15482.0
2020-10-09,33.9147494306887,51.45833333333333,6.034844455761546,4.343259267404143,117207.0,345592.0,20856.0,15010.0
2020-10-10,34.622711588229656,53.125,4.782001821144446,3.111521134860539,115590.0,333855.0,15965.0,10388.0
2020-10-11,38.03589099771066,55.90277777777778,3.9867070378849423,2.5286167934421386,128761.0,338524.0,13496.0,8560.0
2020-10-12,43.50095279354383,57.638888888888886,4.716547579670225,3.9914877922412453,148611.0,341626.0,16113.0,13636.0
2020-10-13,40.169967549003914,55.55555555555556,6.5597578544507344,5.496005471558084,138022.0,343594.0,22539.0,18884.0
2020-10-14,36.02045714488897,54.02777777777777,6.2257397343889815,4.681971992912298,121564.0,337485.0,21011.0,15801.0
2020-10-15,35.46227244798381,52.84722222222222,6.144657422020891,4.701938484151175,117739.0,332011.0,20401.0,15611.0
2020-10-16,38.26050445370843,53.68055555555556,5.776624778814144,4.573073808595508,127572.0,333429.0,19261.0,15248.0
2020-10-17,34.52881907970388,53.47222222222222,4.710876848392932,3.1895849779031966,111102.0,321765.0,15158.0,10263.0
2020-10-18,39.720128171390535,57.986111111111114,4.881658178665965,3.2745623132768844,128298.0,323004.0,15768.0,10577.0
2020-10-19,38.667584097859326,53.888888888888886,6.162385321100918,5.003975535168196,126443.0,326999.0,20151.0,16363.0
2020-10-20,37.89683946400663,53.36805555555556,6.606207634237239,5.302290024567903,122940.0,324406.0,21431.0,17201.0
2020-10-21,35.314232028087645,53.05555555555556,5.911582492198724,4.680155323932148,115771.0,327830.0,19380.0,15343.0
2020-10-22,35.73372101920575,51.80555555555556,6.313872522763791,5.014002601576249,116751.0,326724.0,20629.0,16382.0
2020-10-23,33.98620655436751,51.11111111111111,6.79345803666675,5.060904512639857,109596.0,322471.0,21907.0,16320.0
2020-10-24,33.656391032521285,52.56944444444444,5.013392615429694,3.2231454969918367,105674.0,313978.0,15741.0,10120.0
2020-10-25,37.92142254885922,55.76388888888889,4.2516642965908655,2.8157758956998853,120534.0,317851.0,13514.0,8950.0
2020-10-26,39.5267041206772,54.548611111111114,6.379904798256211,5.647438101516982,125304.0,317010.0,20225.0,17903.0
2020-10-27,35.9576606367114,53.61111111111111,6.573947999740646,5.539129870971925,110915.0,308459.0,20278.0,17086.0
2020-10-28,36.37604079518744,53.81944444444444,6.3729200695855415,5.496460964370609,109569.0,301211.0,19196.0,16556.0
2020-10-29,39.79387863125447,53.81944444444444,6.577513466388517,5.6197652333655075,127806.0,321169.0,21125.0,18049.0
2020-10-30,36.52382329594053,51.59722222222223,6.607941713997379,5.101563605707991,118709.0,325017.0,21477.0,16581.0
2020-10-31,33.4991702854091,52.84722222222222,4.297031465574792,2.8490046603892347,105377.0,314565.0,13517.0,8962.0
2020-11-01,40.259078910892285,59.65277777777778,10.65664661853508,2.444044017500934,133607.0,331867.0,35366.0,8111.0
2020-11-02,37.834435763521164,54.30555555555555,6.172499561246906,5.096495421838406,125036.0,330481.0,20399.0,16843.0
2020-11-03,37.383121391452796,55.13888888888889,5.831983337190465,4.738561600399138,124380.0,332716.0,19404.0,15766.0
2020-11-04,35.775619744231605,53.541666666666664,6.678857386333374,5.338174114249531,120908.0,337961.0,22572.0,18041.0
2020-11-05,35.35814683598135,54.79166666666667,6.872129056063339,5.36805931225551,113075.0,319798.0,21977.0,17167.0
2020-11-06,32.94392886326,53.61111111111111,6.222600579756974,4.543604497621629,106033.0,321858.0,20028.0,14624.0
2020-11-07,32.41876445902212,54.09722222222222,5.046549477136818,3.2537866269244917,103978.0,320733.0,16186.0,10436.0
2020-11-08,36.846175021419135,56.25,4.941093504975116,3.1675579708576005,119127.0,323308.0,15975.0,10241.0
2020-11-09,37.668897716594465,55.65972222222222,6.8743024435254885,5.598770604418904,111040.0,294778.0,20264.0,16504.0
2020-11-10,36.75831744013563,52.63888888888889,6.620510171646535,5.445075757575758,111016.0,302015.0,19995.0,16445.0
2020-11-11,38.2944045215472,54.513888888888886,5.582401178868402,4.246605490541303,120061.0,313520.0,17502.0,13314.0
2020-11-12,38.10904671496535,54.861111111111114,6.393750767457897,5.216194857166246,121037.0,317606.0,20307.0,16567.0
2020-11-13,36.325457684590376,51.18055555555555,6.803129520461651,5.2352584343065125,116770.0,321454.0,21869.0,16829.0
2020-11-14,36.27662343086824,55.06944444444445,5.169981911007296,3.418273416891842,112907.0,311238.0,16091.0,10639.0
2020-11-15,40.29544899428706,59.34027777777777,4.3346687856266,2.7990572531554423,127031.0,315248.0,13665.0,8824.0
2020-11-16,38.59648563217474,54.93055555555556,6.442157103533187,5.318120779680587,121005.0,313512.0,20197.0,16673.0
2020-11-17,37.96771216809759,56.59722222222222,6.069864581533134,4.799806964285132,116439.0,306678.0,18615.0,14720.0
2020-11-18,38.87814313346228,54.37499999999999,6.485672695367804,5.215790278303987,116982.0,300893.0,19515.0,15694.0
2020-11-19,36.92932168577594,53.125,5.942724176481294,4.853040584457791,113633.0,307703.0,18286.0,14933.0
2020-11-20,34.926324569068235,52.5,6.507003468636641,4.961341912251436,105525.0,302135.0,19660.0,14990.0
2020-11-21,34.05697022011221,53.05555555555556,4.685435410510939,3.1831612496265067,102583.0,301209.0,14113.0,9588.0
2020-11-22,39.36482174206836,58.05555555555556,4.219864920352151,2.7808043349639022,121755.0,309298.0,13052.0,8601.0
2020-11-23,40.38656707163859,54.513888888888886,6.519036290835755,5.491432282233774,123761.0,306440.0,19977.0,16828.0
2020-11-24,36.99264174273803,54.166666666666664,5.844713068508145,4.704825097806037,109496.0,295993.0,17300.0,13926.0
2020-11-25,37.55691188221493,49.51388888888889,5.308148727452014,4.598854111766606,110453.0,294094.0,15611.0,13525.0
2020-11-26,39.85640641861304,56.80555555555556,4.819305285032257,3.353635109265428,119297.0,299316.0,14425.0,10038.0
2020-11-27,34.32691482549888,50.06944444444444,4.737307659301996,3.198582075266191,104003.0,302977.0,14353.0,9691.0
2020-11-28,35.43578936153921,51.87500000000001,4.323102379454194,2.8918342139344726,106436.0,300362.0,12985.0,8686.0
2020-11-29,39.26016402024079,56.49305555555556,4.390352662905446,2.893296367384659,121500.0,309473.0,13587.0,8954.0
2020-11-30,42.469153383718684,55.208333333333336,5.206034035540998,4.825600911411977,125253.0,294926.0,15354.0,14232.0
2020-12-01,38.02153968887116,53.541666666666664,5.737268980188805,4.827815450073128,114384.0,300839.0,17260.0,14524.0
2020-12-02,38.94864801364755,51.388888888888886,6.447175317268174,5.622124836981874,114384.0,293678.0,18934.0,16511.0
2020-12-03,37.569548222951,48.125,6.24403689176296,5.191452108760255,109862.0,292422.0,18259.0,15181.0
2020-12-04,37.41015557533646,52.5,6.136656525262724,4.730034941343714,112633.0,301075.0,18476.0,14241.0
2020-12-05,39.54495307972459,57.84722222222223,4.89871600606109,3.4701730600526357,119005.0,300935.0,14742.0,10443.0
2020-12-06,40.77667610157312,59.44444444444444,4.477138625652375,3.1182422060812978,120869.0,296416.0,13271.0,9243.0
2020-12-07,38.96505371904921,54.58333333333333,5.723316346245942,4.967319397976742,117978.0,302778.0,17329.0,15040.0
2020-12-08,37.88073084579888,55.55555555555556,5.5735027401797925,4.792936862715517,115501.0,304906.0,16994.0,14614.0
2020-12-09,38.61585671512376,54.861111111111114,5.723062958095677,4.972497324247064,114011.0,295243.0,16897.0,14681.0
2020-12-10,38.52262241062937,54.44444444444444,6.369347932922969,5.371253610711394,108957.0,282838.0,18015.0,15192.0
2020-12-11,35.072567422591376,52.29166666666667,5.586780651386237,4.360455309128448,103960.0,296413.0,16560.0,12925.0
2020-12-12,36.57385839883436,55.13888888888889,4.380722047662943,2.9560540131563733,110697.0,302666.0,13259.0,8947.0
2020-12-13,38.794339962506584,56.388888888888886,4.4648515941371505,2.9991393860954147,116300.0,299785.0,13385.0,8991.0
2020-12-14,41.60227897446149,54.166666666666664,5.797391173971713,5.136688490179419,124863.0,300134.0,17400.0,15417.0
2020-12-15,37.712128045508564,53.19444444444444,6.156692464948463,5.117409066817659,114557.0,303766.0,18702.0,15545.0
2020-12-16,41.83970092816535,56.041666666666664,6.751883222083274,5.527417667807214,126804.0,303070.0,20463.0,16752.0
2020-12-17,48.96042163550545,62.361111111111114,4.449188585152693,3.458478576313025,146776.0,299784.0,13338.0,10368.0
2020-12-18,37.48409622637212,52.01388888888889,5.472850509408851,4.434183595440539,115195.0,307316.0,16819.0,13627.0
2020-12-19,38.804033011780014,54.58333333333333,4.724885320722191,3.2272020237713877,117499.0,302800.0,14307.0,9772.0
2020-12-20,41.520473625851416,58.40277777777778,4.698967738528961,3.217566925392048,125817.0,303023.0,14239.0,9750.0
2020-12-21,38.564184057395245,48.61111111111111,5.832000721112918,4.855493645192413,115514.0,299536.0,17469.0,14544.0
2020-12-22,36.921123086428224,51.28472222222222,6.088075787739411,4.9656758426580625,107566.0,291339.0,17737.0,14467.0
2020-12-23,34.11487071526799,51.52777777777777,5.800580635303305,4.646440637680175,100470.0,294504.0,17083.0,13684.0
2020-12-24,35.0581589492431,51.52777777777777,5.484750667853962,3.8801619545859305,100788.0,287487.0,15768.0,11155.0
2020-12-25,43.82647267942229,58.40277777777778,4.573769274033513,3.2122504854987106,123897.0,282698.0,12930.0,9081.0
2020-12-26,38.33236095899992,53.645833333333336,3.971722672016431,2.7806494095811285,112351.0,293096.0,11641.0,8150.0
2020-12-27,40.27194395099032,56.59722222222222,4.068865904072518,2.7636013480982187,121285.0,301164.0,12254.0,8323.0
2020-12-28,37.68114017909893,51.80555555555556,5.685627609646648,4.632807365758781,113528.0,301285.0,17130.0,13958.0
2020-12-29,37.01077093032431,51.18055555555555,5.217785843920145,4.055538020463453,112569.0,304151.0,15870.0,12335.0
2020-12-30,35.70170906134915,51.87500000000001,5.185436282914981,4.001632379027878,108480.0,303850.0,15756.0,12159.0
2020-12-31,36.36977776594541,53.125,5.200436614374996,3.731854878965969,109289.0,300493.0,15627.0,11214.0
